3 Idiots,1187043,2009,Comedy,Drama,NA,Hindi,Aamir Khan,Madhavan,Sharman Joshi,Saikat Bose,Ajay Chodanker,Jini Dhamande,"Farhan Qureshi and Raju Rastogi want to re-unite with their fellow collegian, Rancho, after faking a stroke aboard an Air India plane, and excusing himself from his wife - trouser less - respectively. Enroute, they encounter another student, Chatur Ramalingam, now a successful businessman, who reminds them of a bet they had undertaken 10 years ago. The trio, while recollecting hilarious antics, including their run-ins with the Dean of Delhi's Imperial College of Engineering, Viru Sahastrabudhe, race to locate Rancho, at his last known address - little knowing the secret that was kept from them all this time.",8.4,365114,https://www.imdb.com/title/tt1187043/
Like Stars on Earth,0986264,2007,Drama,Family,NA,Hindi,Darsheel Safary,Aamir Khan,Tisca Chopra,Aindri Chakraborty,Sunil Gujar,Ramakant Kanojia,"Ishaan Awasthi is an eight-year-old child whose world is filled with wonders that no one else seems to appretiate are just not important in the world of adults, who are much more interested in things like homework, marks and neatness. And Ishaan just cannot seem to get anything right in class. When he gets into far more trouble than his parents can handle, he is packed off to a boarding school to 'be disciplined'. Things are no different at his new school, and Ishaan has to contend with the added trauma of separation from his family. One day a new art teacher bursts onto the scene, Ram Shankar Nikumbh, who infects the students with joy and optimism. He breaks all the rules of 'how things are done' by asking them to think, dream and imagine, and all the children respond with enthusiasm, all except Ishaan. Nikumbh soon realizes that Ishaan is very unhappy, and he sets out to discover why. With time, patience and care, he ultimately helps Ishaan find himself.",8.4,179430,https://www.imdb.com/title/tt0986264/
PK,2338151,2014,Comedy,Drama,Musical,Hindi,Aamir Khan,Rajinder Sharma Nanu,Anushka Sharma,Nimisha Goswami,Manini Mishra,Mahto Mohanlal,"P. K. is a comedy of ideas about a stranger in the city, who asks questions that no one has asked before. They are innocent, child-like questions, but they bring about catastrophic answers. People who are set in their ways for generations, are forced to reappraise their world when they see it from PK's innocent eyes. In the process PK makes loyal friends and powerful foes. Mends broken lives and angers the establishment. P. K.'s childlike curiosity transforms into a spiritual odyssey for him and millions of others. The film is an ambitious and uniquely original exploration of complex philosophies. It is also a simple and humane tale of love, laughter and letting-go. Finally, it is a moving saga about a friendship between strangers from worlds apart.",8.1,171415,https://www.imdb.com/title/tt2338151/
Dangal,5074352,2016,Action,Biography,Drama,Hindi,Aamir Khan,Fatima Sana Shaikh,Sanya Malhotra,Sakshi v Kapoor,Rishabh Kushwaha,Sheena Saini,"Biopic of Mahavir Singh Phogat, who taught wrestling to his daughters Babita Kumari and Geeta Phogat. Geeta Phogat was India's first female wrestler to win at the 2010 Commonwealth Games, where she won the gold medal (55 kg) while her sister Babita Kumari won the silver (51 kg).",8.4,169613,https://www.imdb.com/title/tt5074352/
Rang De Basanti,0405508,2006,Comedy,Crime,Drama,Hindi,Aamir Khan,Siddharth,Sharman Joshi,Manish Baba,Kishen Dagar,Choudhari Nilesh,"Sue comes to India to make a film on Indian revolutionaries.She is helped by her friend Sonia who introduces her to her friends Karan,Aslam,Sukhi and their head DJ.Sonia's fiance Lt Ajay Rathod also joins the gang when in town.Their gang always gets in trouble with a political member Laxman who opposes their western culture.After many auditions Sue decides to caste DJ and his friend's in her film.She also casts Laxman in a role thus ending his feud with the gang.All things are going well until Ajay dies in plane crash but manages to save everyone on board.The state minister declares that Ajay died due to his own negligence .DJ an his friends can't take shame given to Ajay by minister and decide to fight for justice.Where things will take ugly events due to political games.",8.1,116060,https://www.imdb.com/title/tt0405508/
Lagaan: Once Upon a Time in India,0169102,2001,Drama,Musical,Sport,Hindi,Aamir Khan,Gracy Singh,Rachel Shelley,Dhanabhai Ramji Ahir,Hemant Bhatkar,Rajkishor Choudhary,"This is the story about the resilience shown by the Indians when they were under the British Rule. They are already taxed to the bone by the British and their cronies, but when Jack Russell announces that he will double the Lagaan (tax) from all villagers, they decide to oppose it. Leading the villagers is a handsome young man named Bhuvan, who challenges them to a game of cricket, a game that is to be played by veteran British cricket players, versus villagers, including Bhuvan himself, who have never played this game before, and do not even know a bat from a piece of wood. As the challenge is accepted, the interest grows and attracts Indians from all over the region, as well as the British from all over the country - as everyone gathers to see the 'fair play' that the British will display against their counter-parts, who are aided by none other than the sister, Elizabeth, of Captain Rusell.",8.1,108900,https://www.imdb.com/title/tt0169102/
My Name Is Khan,1188996,2010,Drama,NA,NA,Hindi,Shah Rukh Khan,Kajol,Katie A. Keane,Srinivas Achary,Geoffrey Brown,Jason Cronburg,"Rizwan Khan, a Muslim from the Borivali section of Mumbai, suffers from Asperger's syndrome, a form of high-functioning autism that complicates socialization. The adult Rizwan marries a Hindu single mother, Mandira, in San Francisco. After 9/11, Rizwan is detained by authorities at LAX who mistake his disability for suspicious behavior. Following his arrest, he meets Radha, a therapist who helps him deal with his situation and his affliction. Rizwan then begins a journey to meet US President Bush to clear his name.",8.0,102295,https://www.imdb.com/title/tt1188996/
Swades,0367110,2004,Drama,NA,NA,Hindi,Shah Rukh Khan,Gayatri Joshi,Kishori Ballal,Hemant Bhatkar,Eknath Kadam,Mitali Mahajan,"Set in modern day India, Swades is a film that tackles the issues that development throws up on a grass root level. It is to this India, which is colorful, heterogeneous and complex that Mohan Bhargava (Shah Rukh Khan), a bright young scientist working as a project manager in NASA, returns to on a quest to find his childhood nanny. The film uses the contrast between the highly developed world of NASA, which has been at the forefront of advances in space research, and this world back home in India, which is at the crossroads of development. Mohan's simple quest becomes the journey that every one of us goes through in search of that metaphysical and elusive place called ""home"".",8.2,86635,https://www.imdb.com/title/tt0367110/
Gangs of Wasseypur,1954470,2012,Action,Crime,Drama,Hindi,Manoj Bajpayee,Richa Chadha,Nawazuddin Siddiqui,Saikat Bose,Laxmi Keluskar,Liyakat Ali Khan,"Shahid Khan is exiled after impersonating the legendary Sultana Daku in order to rob British trains. Now outcast, Shahid becomes a worker at Ramadhir Singh's colliery, only to spur a revenge battle that passes on to generations. At the turn of the decade, Shahid's son, the philandering Sardar Khan vows to get his father's honor back, becoming the most feared man of Wasseypur.",8.2,88894,https://www.imdb.com/title/tt1954470/
Gangs of Wasseypur,1954470,2012,Action,Crime,Drama,Hindi,Manoj Bajpayee,Richa Chadha,Nawazuddin Siddiqui,Saikat Bose,Laxmi Keluskar,Liyakat Ali Khan,"Shahid Khan is exiled after impersonating the legendary Sultana Daku in order to rob British trains. Now outcast, Shahid becomes a worker at Ramadhir Singh's colliery, only to spur a revenge battle that passes on to generations. At the turn of the decade, Shahid's son, the philandering Sardar Khan vows to get his father's honor back, becoming the most feared man of Wasseypur.",8.2,88894,https://www.imdb.com/title/tt1954470/
Barfi!,2082197,2012,Comedy,Drama,Romance,Hindi,Ranbir Kapoor,Priyanka Chopra Jonas,Ileana D'Cruz,Chanchal Bisht,Satish Panchal,Aashish Porwal,"Set in the 1970s in a pretty corner of India, Barfi. is the story of three young people who learn that love can neither be defined nor contained by society's norms of normal and abnormal. Barfi, a hearing and speech impaired boy falls in love with Shruti. In spite of her deep affection for Barfii, Shruti gives into societal and parental pressure to marry a 'normal' man and lead a 'normal' life. Many years later their paths cross once again when Barfi, now in love with Jhilmil, is on the run from the police. Barfi is desperately seeking Jhilmil, who has gone missing. Shruti's realization that Jhilmil is autistic makes her recognize that true love is really blind. Caught in a cat and mouse game, in the search for the girl Barfi loves, Shruti realizes that she is still in love with him.",8.1,78436,https://www.imdb.com/title/tt2082197/
Chak De! India,0871510,2007,Drama,Family,Sport,Hindi,Shah Rukh Khan,Vidya Malvade,Sagarika Ghatge,Dk Dharam,Samar Iqbal,Pankaj Pol,"Kabir Khan (Shahrukh Khan) knows what it's like to come back from the dead. The ex Indian Captain has now come back in the avatar of the Coach of the Indian Women's National Hockey team. A team that exists more on paper and less in reality. The team is a rag-tag bunch of girls with their own agenda. A bunch of girls who have forgotten what it is like to play for the love of the game. Of playing because you want glory for your country. Not because you want a pensioned job or a government flat. They have all forgotten the sharp thrill of just holding the hockey stick, keeping their eyes on the ball and playing for all they are worth. They have played every game but hockey to make sure they get selected every year in the Indian National team. But what does it really mean to play for the Indian National team? To play for India? The girls have never known the thrilling energy of being Team India. Of giving their all to see their country's name on a trophy. But Kabir Khan, once a captain, now forgotten, does. He knows what it takes to get there. And what it means to return empty handed. This time, he wants to make sure that it's different. He knows there are no second chances. Despite his past, he believes that if only the girls played as one, anything would be possible. Because Kabir Khan believes that it is not that we can't win. It's just that we have never believed we can. CHAK DE INDIA is the story of a coach's fight of making his team, Team India by overcoming their diverse backgrounds, by learning to use everything that life hurls on them as a secret weapon. It's a story about honesty, sincerity and integrity. The Film became a cult classic and won its leading man the National Award and put the Indian National Sport ""Hockey"", back on the map.",8.2,77131,https://www.imdb.com/title/tt0871510/
Munna Bhai M.B.B.S.,0374887,2003,Comedy,Drama,NA,Hindi,Sanjay Dutt,Arshad Warsi,Gracy Singh,Abhijit Khatu,Mitali Mahajan,Prashant Vichare,"In India gangsters are called Bhai (brothers). One such Bhai is Munna, who is feared by everyone in Mumbai, a big city in India. He cons his village-based parents into believing that he is a doctor. He gets a shock when he finds out that they are coming to verify for themselves. So he transforms a rooming shanty house into a makeshift hospital, populated by patients, people he beats up. His parents arrive, are pleased, and happy that their son is well settled. They would like him to get married to a doctor's daughter. The marriage is arranged, but before the engagement, the bride's father finds out the truth about Munna, and cancels the marriage. Munna's humiliated parents see the truth for themselves, and hurt, they return home, leaving Munna with a strong desire to hurt the doctor - and force him to let his daughter get married to him - even if it means getting admitted in the medical college - with forged documents!!!",8.1,77367,https://www.imdb.com/title/tt0374887/
Bajrangi Bhaijaan,3863552,2015,Action,Adventure,Comedy,Hindi,Salman Khan,Harshaali Malhotra,Nawazuddin Siddiqui,Ambika Acharya,Ramesh Andhale,Vijay Dulguch,"A little mute girl from a Pakistani village gets lost on her return back from a trip to India. In Kurukshetra, she meets Pawan - an ardent devotee of Lord Hanuman - who is in the midst of a challenge posed by his lover's father. In trying to discover the girl's parents, he develops an unshakable bond with her. He tries to get into Pakistan through a path righteous to his conscience and later, accompanied with a smart Pakistani news reporter - a story that captures the imagination of the public in both countries.",8.0,80368,https://www.imdb.com/title/tt3863552/
Dil Chahta Hai,0292490,2001,Comedy,Drama,Romance,Hindi,Aamir Khan,Saif Ali Khan,Akshaye Khanna,Dhananjay Thorat,NA,NA,"Three young men Akash, Sameer, and Siddharth are close friends, but their tastes and characters are completely incompatible. So when Siddharth falls in love with a much older woman, Tara, a woman who has been unsuccessful in keeping her marriage intact as well as alcohol-dependent, widens the rift between the trio, forcing them to part company. Years later, the trio will be re-united, they will be much mature and understanding, but will they still accept Siddharth love for Tara, especially when they themselves have fallen in love with women around their respective ages?",8.1,69322,https://www.imdb.com/title/tt0292490/
Zindagi Na Milegi Dobara,1562872,2011,Comedy,Drama,NA,Hindi,Hrithik Roshan,Farhan Akhtar,Abhay Deol,Chan Canelo,Sergi Durán,Joaquín Jara,NA,8.2,72214,https://www.imdb.com/title/tt1562872/
Dilwale Dulhania Le Jayenge,0112870,1995,Drama,Romance,NA,Hindi,Shah Rukh Khan,Kajol,Amrish Puri,Mohammed Kasim,NA,NA,"When Raj (Shah Rukh Khan) and Simran (Kajol) first met on an inter-rail holiday in Europe, it wasn't exactly Love at first sight but when Simran is taken back to India for an arranged marriage, things change. Encouraged by his father Dharamvir (Anupam Kher), Raj decides to fly down from London to not just win his Bride but her whole family and the blessings of her father Baldev Singh (Amrish Puri).",8.1,66099,https://www.imdb.com/title/tt0112870/
Kal Ho Naa Ho,0347304,2003,Comedy,Drama,Musical,Hindi,Shah Rukh Khan,Preity Zinta,Saif Ali Khan,Ashley Cantley,Mohammed Kasim,Rae Watts,"The film's female lead, Naina (Preity Zinta) narrates the story. Her father had committed suicide years ago which left a deep impact on her heart. Her family is dysfunctional since her mother and grandmother just cannot stop arguing. But when Aman (Shahrukh Khan) arrives next door, the whole gloomy conditions change. Aman infuses life in skeptical and overtly serious Naina, and she falls in love with him. But Aman knows that he cannot marry Naina because of a secret which he cannot divulge to her. So he intends upon setting her up with her best pal Rohit (Saif Ali Khan).",7.9,65957,https://www.imdb.com/title/tt0347304/
Drishyam,4430212,2015,Crime,Drama,Mystery,Hindi,Ajay Devgn,Shriya Saran,Tabu,Rajesh Choudhary,Vishal Hans,Harsh Hede,"Vijay Salgaonkar runs a cable TV network in a remote and hilly village of Goa. He lives a happy life with his wife Nandini and two daughters. A 4th grade dropout & an orphan, Vijay has worked his way towards success with his sheer hard-work & street smartness in order to provide for his family who mean the world to him. A man of few means & needs; Vijay believes life is to be lived simplistically - his wife, while she loves him devoutly, wants Vijay's thrifty & miserly behavior to end and wants the world for her family. If there's one thing that Vijay cannot live without, it is his passion for watching films. Such is his 'filmy' obsession that he doesn't mind staying up all night at his office binging on TV movies! In a bizarre turn of events; a teenage boy goes missing; he is the son of a headstrong & no-nonsense cop; IG Meera Deshmukh and the Salgaonkar family is the prime suspect! Will a humble & middle class man, be able to protect his family from oppression of the powerful? How the family weathers the storm that ensues during the violent investigation forms the rest of the story leading to an unexpected & shocking climax.",8.2,76221,https://www.imdb.com/title/tt4430212/
Gunday,2574698,2014,Action,Drama,Musical,Hindi,Ranveer Singh,Arjun Kapoor,Priyanka Chopra Jonas,A.K. Abdul,Chanchal Bisht,Aashish Porwal,"Based in Calcutta during its most unsettled times in the 1970s, the film deals with the inseparable life of Bikram and Bala. The story of 2 boys, boys who became refugees. Refugees who became gun couriers. Gun couriers who became coal bandits, coal bandits who became Calcutta's most loved, most celebrated, most reckless, most fearless, Most Powerful! A story of two happy-go-lucky renegades who came to be known as... GUNDAY!",2.4,58488,https://www.imdb.com/title/tt2574698/
Queen,3588218,2014,Short,Musical,Romance,English,Ben Fine,Justin Sean Kelly,Antonevia Ocho-Coultes,NA,NA,NA,"In this reversal of Henry Purcell's famous 1689 aria, 'Dido's Lament,' Queen Dido kills Aeneas by biting him to death, instead of killing herself, as Virgil would have it. Here, Queen Dido is an opera singer from Trinidad who is inspired by the post-coital cannibalism of praying mantises. She sings the famous lament to lure Aeneas, a New York graffiti artist, to her industrial boudoir. Once Aeneas arrives, he is summoned by a strange, giggling and sleepy guard who instructs him to lay down on the Shag Carpet of Death. Aeneas awaits his doom, almost desiring it. When Queen Dido arrives they begin to have sex, an enjoyment that ends in tragedy as Queen Dido carries out her insect-inspired desire.",NA,NA,https://www.imdb.com/title/tt3588218/
Children of Heaven,0118849,1997,Drama,Family,Sport,Persian,Mohammad Amir Naji,Amir Farrokh Hashemian,Bahare Seddiqi,NA,NA,NA,"Zahra's shoes are gone; her older brother Ali lost them. They are poor, there are no shoes for Zahra until they come up with an idea: they will share one pair of shoes, Ali's. School awaits. Will the plan succeed?",8.3,69599,https://www.imdb.com/title/tt0118849/
Bhaag Milkha Bhaag,2356180,2013,Biography,Drama,Sport,Hindi,Farhan Akhtar,Sonam Kapoor,Pawan Malhotra,Paresh Mestry,Namitha Ramaiah,Pankaj Sharma,"The true story of the ""Flying Sikh"" - world champion runner and Olympian Milkha Singh -- who overcame the massacre of his family, civil war during the India-Pakistan partition, and homelessness to become one of India's most iconic athletes.",8.2,64340,https://www.imdb.com/title/tt2356180/
Kahaani,1821480,2012,Mystery,Thriller,NA,Hindi,Vidya Balan,Parambrata Chattopadhyay,Indraneil Sengupta,NA,NA,NA,"Kolkata is abuzz with the preparations for the annual Durga Puja festival, as seven months pregnant Vidya Bagchi steps off the airplane from London. Her first stop is the local police station to file a missing person report. Weeks ago, her husband Arnab arrived in India for a job assignment. The first two weeks, they talked daily on the phone, and then without explanation, his calls stopped. Everywhere Vidya turns, no one can remember Arnab. There is no trace of him at the guest house or his workplace. But Vidya will not give up her search. Somewhere in Kolkata she will discover the dangerous truth.",8.1,60072,https://www.imdb.com/title/tt1821480/
Ghajini,1166100,2008,Action,Drama,Mystery,Hindi,Aamir Khan,Asin Thottumkal,Jiah Khan,Juhi Shekhar,NA,NA,"Medical student, Sunita, is driven by curiosity to study the case of Sanjay Singhania, who is afflicted with short-term memory loss. She runs into him, befriends him, and finds out that he is out to kill a seemingly benevolent citizen, Ghajini Dharmatma. After warning the latter of the impending danger, she subsequently comes across a number of diaries written by Sanjay and attempts to put together a jigsaw puzzle as to how a successful and wealthy businessman became a crazed recluse, who re-lives his past through tattoos on his body, notes and Polaroid photographs on the wall of his Hiranandani Complex flat, and his sole obsession of carrying out his deadly mission - little knowing that Ghajini and his goons are out to erase every bit of evidence he has gathered and thus ensure that he ends up remembering nothing.",7.3,58368,https://www.imdb.com/title/tt1166100/
Andhadhun,8108198,2018,Crime,Drama,Music,Hindi,Ayushmann Khurrana,Tabu,Radhika Apte,Pranay Chaure,Priya Ju,Shashank Nigam,Akash a blind pianist is preparing for a London concert.Sophie's scooter bumps into Akash and upon finding he a pianist she takes him to her restaurant Franco's run by her father and offers him a job.Akash meets 70s actor Pramod Sinha at the restaurant who asks him to do a private concert of his songs at his residence to surprise his wife Simi. Next Day upon reaching his house a shocking surprise is waiting for Akash.,8.2,81384,https://www.imdb.com/title/tt8108198/
Hera Pheri,0242519,2000,Action,Comedy,Crime,Hindi,Akshay Kumar,Sunil Shetty,Paresh Rawal,NA,NA,NA,"Baburao is a landlord in India, who is very near-sighted, and always in financial trouble. He has a tenant named Raja, who has not paid his rent for several months. He also has anther tenant named Shyam, who has come to the city to look for a job in his late father's place, but is unable to find employment. The three men quarrel amongst themselves frequently. Then one day, the three men get a phone call from a kidnapper named Kabira, and decide to make use of this phone call to overcome their financial problems - pretend to be the real kidnappers, increase the ransom amount, keep the incremental amount for themselves, and then give the original ransom demanded to Kabira. Will they get away with this idea?",8.2,61443,https://www.imdb.com/title/tt0242519/
Airlift,4387040,2016,Drama,History,NA,Hindi,Akshay Kumar,Nimrat Kaur,Kumud Mishra,Anuprita Ahale,Ruchipujara,NA,"It is in this scenario that Ranjit Katyal (played by Akshay Kumar), a wealthy and powerful Indian businessman, who has always seen himself as a Kuwaiti, rather than an Indian, realizes that he no longer wields any influence on the Iraqis, and that he and his family are in as much danger as anyone else. Ranjit unknowingly becomes the man who all 170,000 Indians look up to for getting them out safely from Kuwait. Airlift is the story of Indians stranded in Kuwait during this traumatic time. A story of how they, with the help of Ranjit Katyal, managed to survive the Iraqi invasion, and against all odds traveled a thousand kilometers across the border into Amman, Jordan. From Amman, 170,000 Indians were brought home by the largest and the most successful evacuation ever attempted by any country, in the history of the world. Over 59 days, the Indian government systematically flew over 488 Air India commercial flights into a war zone to evacuate all 170,000 Indians and safely bring them back home. Airlift is an uplifting and entertaining edge-of-the-seat thriller and is the story of the biggest ever human evacuation in the history of mankind.",8.0,54717,https://www.imdb.com/title/tt4387040/
Sholay,0073707,1975,Action,Adventure,Comedy,Hindi,Sanjeev Kumar,Dharmendra,Amitabh Bachchan,NA,NA,NA,"Sholay means embers in Hindi. In this particular movie, a Police Officer, who's family was killed by a bandit named Gabbar Singh, decides to fight fire with fire and recruits two convicts, Jai and Veeru to capture Gabbar. He approaches them in jail, puts the proposal in front of them, and they agree to bring in Gabbar Singh alive - for a hefty price. After their discharge from jail, they travel by train to the village where the Police Officer lives - now with only his widowed daughter-in-law. The three band together to fight one of the most elusive and dreaded bandits of all time. Will the two ex-cons be able to bring Gabbar alive to the Police Officer?",8.2,53392,https://www.imdb.com/title/tt0073707/
Don 2,1285241,2011,Action,Crime,Thriller,Hindi,Shah Rukh Khan,Priyanka Chopra Jonas,Boman Irani,Abdul Quadir Amin,Zainab Badani,Markus Bendler,"Having conquered the Asian underworld, Don (Shah Rukh Khan) now has his sights set on European domination. In his way are the bosses of the existing European underworld and all law enforcement agencies. The action shifts from Kuala Lumpur to Berlin as Don must avoid assassination or arrest, whichever comes first, in order for his plan to succeed.",7.1,51046,https://www.imdb.com/title/tt1285241/
Haider,3390572,2014,Action,Crime,Drama,Hindi,Tabu,Shahid Kapoor,Shraddha Kapoor,Pallavi Pethkar,NA,NA,"Vishal Bhardwaj's adaptation of William Shakespeare's 'Hamlet', Haider - a young man returns home to Kashmir on receiving news of his father's disappearance. Not only does he learn that security forces have detained his father for harboring militants, but that his mother is in a relationship with his very own uncle. Intense drama follows between mother and son as both struggle to come to terms with news of his father's death. Soon Haider learns that his uncle is responsible for the gruesome murder, what follows is his journey to avenge his father's death.",8.1,52085,https://www.imdb.com/title/tt3390572/
Special 26,2377938,2013,Crime,Drama,Thriller,Hindi,Akshay Kumar,Anupam Kher,Manoj Bajpayee,Dhiristi Bakshi,Sanket Ghag,Ashwini Kale,"Based on real life incidents that occurred in India in 1987-88, the storyline revolves around a group of con artists who pulled off many clever robberies during 1980s, and robbed famous businessmen and politicians by pretending to be the CBI or Income tax officers and conducting raids. On the pretext of conducting raids they would take away all the black money hoarded by them.",8.0,53392,https://www.imdb.com/title/tt2377938/
Andaz Apna Apna,0109117,1994,Action,Comedy,Romance,Hindi,Aamir Khan,Salman Khan,Raveena Tandon,Kailash Pandit,Menon Mohd. Yusuf,NA,"Amar and Prem are two rivals who belonging to middle-class families with no scope of future advancement. Both individually, without the knowledge of the other decide to take matters into their hands and find ways to get rich quickly. Chaos and acrimony result when both find each other at loggerheads when both arrive to win the hand of the daughter of multi-millionaire Ram Gopal Bajaj amidst considerable upheavals when Shyam, the twin brother of Ram, decides to do away with Ram and assume his identity and thus take over the estate of the Bajaj family.",8.1,51536,https://www.imdb.com/title/tt0109117/
OMG: Oh My God!,2283748,2012,Comedy,Drama,Fantasy,Hindi,Paresh Rawal,Akshay Kumar,Mithun Chakraborty,NA,NA,NA,"Oh my God is a story about a person (Kanji Lalji Mehta) who loses his shop in an earthquake. The shop is located an area in Mumbai, known as chor bazaar. Kanji is a person, who even does not fear God and even puts God on ill usage, for his benefit. After disaster, Kanji lodges complaint against God as he does not get benefit of insurance due to act of God. The notice is sent to all bigger baba's. He first goes through a lot of resistance, but eventually people turn out in his favor. People from other religions also join him. Thus notice is sent to every religious head. Later its shown how Kanji wins and people who have lodged complaint against disaster caused get benefited. Its also shown how dongis are bought into vision of normal people.",8.1,54660,https://www.imdb.com/title/tt2283748/
Veer-Zaara,0420332,2004,Drama,Family,Musical,Hindi,Shah Rukh Khan,Preity Zinta,Rani Mukerji,Braj Bhushan,Renu Chainani,Sudharkar Gaud,"Squadron Leader Veer Pratap Singh (Shah Rukh Khan) is a rescue pilot with the Indian Air Force. In the line of duty he comes across a stranded Zaara (Preity Zinta) - a girl from Pakistan who has come to India to fulfill her surrogate mothers dying wish. Veer saves her life and his life is never the same again. Twenty two years later Saamia Siddiqui (Rani Mukerji), a Pakistani human rights lawyer on her first case, finds herself face to face with an ageing Veer Pratap Singh. He has languished in a Pakistan jail cell for 22 years and has not spoken to anyone all these years. And no one knows why. Her mission is to discover the truth about Veer and see to it that justice is served. VEER-ZAARA is a saga of love, separation, courage and sacrifice. A love that is divine, a love that is whole-hearted, a love that is completely consuming, a love that grows with separation and deepens with sacrifice. A love that is an inspiration - and will remain a legend forever.",7.8,50889,https://www.imdb.com/title/tt0420332/
Chennai Express,2112124,2013,Action,Adventure,Comedy,Hindi,Deepika Padukone,Shah Rukh Khan,Sathyaraj,Swapnil Bhalerao,Sagar Desai,Sukant Gantayat,"Rahul embarks on a journey to a small town in Tamil Nadu to fulfill the last wish of his grandfather: to have his ashes immersed in the Holy water of Rameshwaram. En route, he meets a woman hailing from a unique family down South. As they find love through this journey in the exuberant lands of South India, an unanticipated drive awaits them.",6.1,51192,https://www.imdb.com/title/tt2112124/
Kuch Kuch Hota Hai,0172684,1998,Comedy,Drama,Musical,Hindi,Shah Rukh Khan,Kajol,Rani Mukerji,Mohammed Kasim,Shakir,NA,"Rahul Khanna and Anjali Sharma were best friends at college. Anjali realizes that she has fallen in love with Rahul but she's too late because Rahul has already fallen for Tina Malhotra. Heartbroken, Anjali leaves the city. Tina and Rahul get married and soon Tina becomes pregnant, giving birth to a daughter which they call Anjali. Due to complications during pregnancy, Tina passes away. Anjali is brought up by her father, and each year on her birthday he allows his daughter to read one of her mother's letters. Through these letters she learns that her mother (Tina) knew that another Anjali was in love with Rahul, and vows to bring them together again.",7.6,50138,https://www.imdb.com/title/tt0172684/
The Lunchbox,2350496,2013,Drama,Romance,NA,Hindi,Irrfan Khan,Nimrat Kaur,Nawazuddin Siddiqui,NA,NA,NA,"The film, set in Mumbai, revolves around a mistaken delivery by the Dabbawalas (lunchbox service) of Mumbai, which leads to a relationship between Saajan, a lonely widower close to retirement, and Ila, an unhappy housewife, as they start exchanging notes through the daily lunchbox.",7.8,53039,https://www.imdb.com/title/tt2350496/
Jab We Met,1093370,2007,Comedy,Drama,Romance,Hindi,Shahid Kapoor,Kareena Kapoor,Tarun Arora,Ramesh Andhale,Tariq Umar Khan,NA,"Depressed after the passing of his father (Dharamraj) and a ditching by his gorgeous girlfriend, Mumbai-based businessman Aditya Kashyap takes a BEST bus, goes to the Chatrapati Shivaji Train Terminus, and boards a train. There he meets Geet Kaur Dhillon, who is returning home to Bhatinda, and who pays for his ticket. At Bar Nagar, he decides to leave, but she follows him, missing her train. They manage to get a ride to Ratlam, miss the train again, but eventually make it to Bhatinda. Once there, he gets to meet her family, her pretty sister Roop as well as her to-be betrothed, Manjeet Singh Mann. Before the engagement can be finalized, she manages to convince her fiancé that she wants to marry Aditya. Before Aditya can take stock of these new developments, she elopes with him - not to get married but to re-locate to Manali where her true love, Anshuman, awaits, and to whom she hopes to get married.",7.9,49907,https://www.imdb.com/title/tt1093370/
Sanju,6452574,2018,Biography,Comedy,Drama,Hindi,Ranbir Kapoor,Paresh Rawal,Manisha Koirala,Apurva Bhagat,Sean Kehoe,Purvisha Peshwe,"Few lives in our times are as dramatic and enigmatic as the saga of Sanjay Dutt. Coming from a family of cinema legends, he himself became a film star, and then saw dizzying heights and darkest depths: adulation of die-hard fans, unending battles with various addictions, brushes with the underworld, prison terms, loss of loved ones, and the haunting speculation that he might or might not be a terrorist. Sanju is in turns a hilarious and heartbreaking exploration of one man's battle against his own wild self and the formidable external forces trying to crush him. It depicts the journey of a man through everything that life can throw at him. Some true stories leave you thinking ""did this really happen?"" This is one such unbelievable story that happens to be true.",7.7,50466,https://www.imdb.com/title/tt6452574/
Kabhi Khushi Kabhie Gham...,0248126,2001,Drama,Musical,Romance,Hindi,Amitabh Bachchan,Jaya Bachchan,Shah Rukh Khan,Kedar Jagnam,Mohammed Kasim,Suzanne Kay,"Yashvardhan Raichand lives a very wealthy lifestyle along with his wife, Nandini, and two sons, Rahul and Rohan. While Rahul has been adopted, Yashvardhan and Nandini treat him as their own. When their sons mature, they start to look for suitable brides for Rahul, and decide to get him married to a young woman named Naina. When Rahul is told about this, he tells them that he loves another woman by the name of Anjali Sharma. Yashvardhan decides to meet with the Sharma family, and finds out that they are middle-classed, unsophisticated, and will not be able to it into his family circle, as a result he refuses to permit Rahul to marry Anjali. A defiant Rahul decides to leave, gets married to Anjali, without his foster parents blessings, and re-locates to London, England, where Anjali's unmarried sister, Pooja, also lives. Rohan, who was studying in a hostel, returns home to find that Rahul is no longer living with them, and he also discovers that while outwardly his dad is not interested in seeing Rahul get back, Nandini wants the family back all together for all happy and sad moments. Rohan also misses Rahul a lot, and decides to travel to London in order to try and get Rahul to return home. Yashvardhan, is unable to prevent this, and as a result Rohan does travel to London, meets with Rahul, Anjali, and Pooja. The question remains will the hurt and sorrow that Rahul experienced with his foster parents be erased and enable the family to be reunited, or will Rahul forget about the past, and continue to live his life without getting back to his roots and the family who brought him up, leaving Rohan to return alone?",7.4,46936,https://www.imdb.com/title/tt0248126/
Dhoom 3,1833673,2013,Action,Crime,Thriller,Hindi,Aamir Khan,Abhishek Bachchan,Katrina Kaif,Emily G. Carter,Frank Coronado,Jennifer Herrig,"The favourite Indian action franchise is back. This time Jai Dixit (Abhishek Bachchan) and Ali (Uday Chopra) return to match their wits with the enigmatic clown thief, Sahir (Aamir Khan), who has the city of Chicago in his thrall. In this battle of revenge and dignity, the lines blur and the conventional definition of good and bad don't apply. Watch a spectacle that will thrill you and move you.",5.4,44415,https://www.imdb.com/title/tt1833673/
Rab Ne Bana Di Jodi,1182937,2008,Comedy,Drama,Music,Hindi,Shah Rukh Khan,Anushka Sharma,Vinay Pathak,Amit Lad,Sharad Lad,Isha Mahajan,"Have you ever stopped to think if the most ordinary, uninteresting, unobtrusive man you might see on the road or around you might have a love story to tell? Maybe not. How can an ordinary man have a breathtaking, goose flesh igniting, awe inspiring love story of all things to tell? This is what happened to Surinder Sahni (Shahrukh Khan) - a simple, clean hearted, honest man, leading a humdrum life, when he meets his total opposite and finds love in the flamboyant, fun-loving, vivacious - Taani (Anushka Sharma) for whom the whole world is her canvas and she paints her own life with the colours of rainbow all until unforeseen circumstances changes it all and brings them together. What follows is a journey filled with laughter, tears, joy, pain, music, dance and a lot of love. A journey that makes us believe that there is an extraordinary love story in every ordinary jodi (couple).",7.2,45704,https://www.imdb.com/title/tt1182937/
The Fan,0116277,1996,Action,Drama,Sport,English,Robert De Niro,Wesley Snipes,Ellen Barkin,Mike Blaze,Rick Chavez,Stan Cockerell,"Three-times MVP baseball player Bobby Rayburn joins the San Francisco Giants, and obsessive fan, whose profession is selling hunting knives, Gil Renard is excited over that. But Rayburn plays the worst season of his career and Renard tries to do everything to help him, but goes too far.",5.9,47302,https://www.imdb.com/title/tt0116277/
Udaan,1639426,2010,Drama,NA,NA,Hindi,Rajat Barmecha,Ronit Roy,Manjot Singh,NA,NA,NA,"After being abandoned for eight straight years in boarding school, Rohan returns to the small industrial town of Jamshedpur and finds himself closeted with an authoritarian father and a younger half brother who he didn't even know existed. Forced to work in his father's steel factory and study engineering against his wishes, he strives to forge his own life out of his given circumstances and pursue his dream of being a writer.",8.2,43766,https://www.imdb.com/title/tt1639426/
"Carry On, Munna Bhai",0456144,2006,Comedy,Drama,Romance,Hindi,Sanjay Dutt,Arshad Warsi,Vidya Balan,Abhijit Khatu,Mitali Mahajan,Prashant Vichare,"A hilarious underworld gangster known as Munna Bhai falls comically in love with a radio host by the name of Jahnvi, who runs an elders' home, which is taken over by an unscrupulous builder, who gets the residents kicked out ironically with the help of Munna's sidekick, Circuit, while Munna is busy romancing Jahnvi elsewhere. Munna, who is now masquerading as a Professor specializing in the life of Mahatma Gandhi, must now battle his very own forces and the builder - but he has one ally on his side - none other than the great man - Mahatma Gandhi himself. Only trouble is that Munna may have problems convincing everyone about this presence - as he is apparently is the only one who can see and hear him.",8.0,44968,https://www.imdb.com/title/tt0456144/
Vishwaroopam,2199711,2013,Action,Thriller,NA,Tamil,Kamal Haasan,Rahul Bose,Shekhar Kapur,Srinivas Achary,Vivek Mandrekar,Sorayuk Mookleemas,"Vishwanathan, a Kathak dance teacher in New York, is in a rather happy marriage with Nirupama who is a nuclear oncologist. She hires a detective to keep a watch on her husband, who apparently ends up in a wrong place that reveals Vishwanathan's true identity.",8.1,39368,https://www.imdb.com/title/tt2199711/
Raees,3405236,2017,Action,Crime,Drama,Hindi,Raj Arjun,Shubham Chintamani,Shubham Tukaram,Sweta Gupta,Shraddha Herekar,Ajeet Parashar,"The film is set in the early 80's and 90's in Gujarat. The fictitious story of a man who builds an empire in the state of Gujarat, the only state that still follows prohibition. It's a story about his rise and his relationships, which help him become the single most powerful man in the state.",6.8,42165,https://www.imdb.com/title/tt3405236/
Talaash,1787988,2012,Crime,Drama,Mystery,Hindi,Aamir Khan,Kareena Kapoor,Nawazuddin Siddiqui,Dhara Jain,Tejass Korya,Arvind Ashok Kumar,"Seeing reflections of Mumbai under the red light, Talaash is a tale of love lost, fatal attraction and above all the quest to solve a perfect crime. Suspense at its core, Talaash explores Mumbai's underbelly like never before. Aamir Khan plays an investigation officer, Inspector Shekhawat who receives a phone call early in the morning informing him about death and an accident and how everything starts to unfold from there. The case turns into a life altering chase for Inspector Shekhawat when he is forced to reel under the repercussions of a broken married life with his wife Roshni played by Rani Mukherji and come face to face with his suppressed grief. Being on his investigational quest and fighting it out with personal struggle, Inspector Shekhawat meets a sex worker Rosie played by Kareena Kapoor who further adds shades of mystery to the puzzle. What looks like a simple car accident investigation turns into a haunting mystery as further investigations show many anomalies stringed to the death of the victim.",7.2,40798,https://www.imdb.com/title/tt1787988/
Vicky Donor,2317337,2012,Comedy,Romance,NA,Hindi,Ayushmann Khurrana,Yami Gautam,Annu Kapoor,NA,NA,NA,"Dr. Baldev Chaddha (Anu Kapoor), a well qualified fertility expert, runs a fertility clinic and a sperm bank in Dariyaganj, New Delhi, that guarantees a high quality and specialized sperm for the purpose. Unfortunately he has more failed cases to his credit than successes. A healthy, high performing donor is the need of the hour. Vicky Arora (Ayushmann Khurrana), a young, good-looking, Punjabi boy from Lajpat Nagar, is the only son and of no financial support to Dolly, a widow, who runs a small beauty parlor from home. As luck would have it, a small brawl in the colony brings Dr Chaddha and Vicky, face to face, where Chaddha, concludes that Vicky could be THAT donor he has been looking for. From here on, Chaddha's days and nights are spent in convincing Vicky to become a donor till he finally gives in. Vicky finds his love interest in Ashima Roy (Yami Gautam), a pretty Bengali girl, who works in a Bank. But soon there hunky dory world comes crashing down because of Vicky's past as a donor. With a brief emotional roller coaster ride, Vicky Donor is a light-hearted take on the subject of sperm donation.",7.8,41286,https://www.imdb.com/title/tt2317337/
Ra.One,1562871,2011,Action,Adventure,Sci-Fi,Hindi,Shah Rukh Khan,Arjun Rampal,Kareena Kapoor,Srinivas Achary,Ben Bagley,Caroline Barclay,"Following his son's suggestion, Shekhar designs an action game where the antagonist is more powerful than the protagonist. The player has to fight in the first two levels to reach the third one where whoever fires the bullet first wins. The game is well-received on its opening night, but things go wrong when Prateek stops playing and quits the game in between, only to invite the wrath of Ra.One, the game's villain who uses an advanced technology to take on physical form. He wants to destroy Prateek, something only the game's protagonist, G.One, can prevent from happening.",4.7,39654,https://www.imdb.com/title/tt1562871/
Om Shanti Om,1024943,2007,Action,Comedy,Drama,Hindi,Shah Rukh Khan,Arjun Rampal,Kirron Kher,Shazia Iqbal,Santosh Kotkar,Twisha Pal,"Om Prakash Makhija is a Junior Artist in the 1970's hindi film industry, who is in love with actress Shantipriya. Om rescues Shanti from a fire scene where the fire has escaped control, and they become friends. His hopes seems to be coming true, but shortly thereafter he finds out that she is married to a film producer, Mukesh Mehra, and is expecting his child. He then watches in horror as Mukesh, after luring her in an abandoned studio, sets it on fire to prevent a financial loss and protect his career. Om attempts to rescue her in vain, and he eventually is killed. 30 years later, Om has reincarnated as the only son of a Bollywood actor, Rajesh Kapoor, and is himself an actor. His memories start to return when he meets with his widowed mother, Bela, from his previous birth. He also meets with Mukesh and together they decide to make a movie 'Om Shanti Om'. Om then hires a look-alike of Shantipriya, and hopes to force a confession out of Mukesh - but things go awry and Om finds his life endangered once again.",6.7,40854,https://www.imdb.com/title/tt1024943/
Rockstar,1839596,2011,Drama,Music,Romance,Hindi,Ranbir Kapoor,Nargis Fakhri,Shammi Kapoor,Arundhati Barkataky,Garima Mathur,Paresh Mestry,"The film follows Janardhan Jhakar in a series of flashbacks and flash forwards, how the small collage boy became an international rock sensation ""Jordan"". To chase his dreams of a rockstar, the wanna-be singer his counseled that music and feelings only come with pain. In the process of which, he meets Heer, a tough on the outside and popular college girl, the both become friends, and as time passes by his dreams of music fade away as they spend time together. When heer moves away, Janardhan is thrown out of his house because of family misunderstandings. As he bides his time at a local mosque, his passion for music comes back to life. He is soon signed by a record label, where he makes more enemies than friends, his tour takes him to Prague, where he is reunited with a married Heer. Things go awry when the two share an intimate moment, and Jordan his deported to India on trespassing charges filed by Heer's husband. Now an angry painful and lonely JORDAN embarks on his journey to become a ROCKSTAR",7.7,41658,https://www.imdb.com/title/tt1839596/
Devdas,0238936,2002,Drama,Musical,Romance,Hindi,Shah Rukh Khan,Aishwarya Rai Bachchan,Madhuri Dixit,Dheeraj Akolkar,Dinkar Balal,Rajkishor Choudhary,"Devdas Mukherji is black-listed by his multi-millionaire Zamindar father, Narayan. After completing 10 years of study; Devdas return to his home-town where his family prepares to welcome him but their happiness changes when Devdas prefers to visit his childhood sweetheart, Parvati alias Paro before paying respect to his mother. After so much years Devdas finds he is still the black spot in his father's life especially when he is prevented from marrying Paro who happen to be a lower-caste girl. Eventually time passes with Paro's family arranging her marriage to a much elderly man named Bhuvan Choudhry where she is introduce to Bhuvan's children - who happen to be within her age group. This sadness not only breaks Devdas heart but confines him to alcohol in a big way. Soon Devdas starts to frequent a brothel and catches the eyes of a courtesan named Chandramukhi - step by step Devdas starts to head towards a path of self destruction.",7.6,40205,https://www.imdb.com/title/tt0238936/
Uri: The Surgical Strike,8291224,2019,Action,Drama,War,Hindi,Vicky Kaushal,Paresh Rawal,Mohit Raina,Bojana Bardic,Nikola Jovanovic,Aditya Kanwar,"Divided over five chapters, the film chronicles the events of the surgical strike conducted by the Indian military against suspected militants in Pakistan occupied Kashmir. It tells the story of the 11 tumultuous events over which the operation was carried out. Indian army special forces carry out a covert operation to avenge the killing of fellow army men at their base by a terrorist group.",8.2,49304,https://www.imdb.com/title/tt8291224/
Yeh Jawaani Hai Deewani,2178470,2013,Drama,Musical,Romance,Hindi,Ranbir Kapoor,Deepika Padukone,Aditya Roy Kapoor,Bernard Chedin,Nimisha Goswami,Kshamata Sachin Gurav,"Yeh Jawaani Hai Deewani is the story of the relationship between two characters, Bunny (Ranbir Kapoor) & Naina (Deepika Padukone), at two separate but defining times in their lives... first, when they are just out of college and standing on the crossroads of multiple decisions that will shape who and what they become... and then later on, in their late-twenties when they meet again, holding on to certain fulfilled and certain unfulfilled dreams, at a crossroads of another nature this time... how these two characters affect, change, befriend and eventually fall in love with each other is the journey the film aspires to take us on..",7.2,40890,https://www.imdb.com/title/tt2178470/
Sultan,4832640,2016,Action,Drama,Sport,Hindi,Salman Khan,Kubbra Sait,Marko Zaror,Ambika Acharya,Ramesh Andhale,Vivek Gurav,"Sultan is a story of Sultan Ali Khan - a local wrestling champion with the world at his feet as he dreams of representing India at the Olympics. It's a story of Aarfa - a feisty young girl from the same small town as Sultan with her own set of dreams. When the 2 local wrestling legends lock horns, romance blossoms and their dreams and aspirations become intertwined and aligned. However, the path to glory is a rocky one and one must fall several times before one stands victorious - More often than not, this journey can take a lifetime. Sultan is a classic underdog tale about a wrestler's journey, looking for a comeback by defeating all odds staked up against him. But when he has nothing to lose and everything to gain in this fight for his life match... Sultan must literally fight for his life. Sultan believes he's got what it takes... but this time, it's going to take everything he's got.",7.0,43030,https://www.imdb.com/title/tt4832640/
Pink,5571734,2016,Crime,Drama,Thriller,Hindi,Taapsee Pannu,Amitabh Bachchan,Kirti Kulhari,NA,NA,NA,"Deepak is a lawyer suffering from bipolar disorder who experiences frequent mood swings. One night, Rajveer and his friends get drunk and try to molest Miss Arora and her two roommates leading to an accident. The film revolves around how Deepak fights the girls' case against these influential boys.",8.1,42035,https://www.imdb.com/title/tt5571734/
Dear Zindagi,5946128,2016,Drama,Romance,NA,Hindi,Alia Bhatt,Shah Rukh Khan,Kunal Kapoor,NA,NA,NA,"This is the story of Kaira, a budding cinematographer in search of perfect life. A chance encounter with Jug, an unconventional thinker, helps her gain new perspective about life. She discovers that happiness is all about finding comfort in life's imperfections.",7.5,37800,https://www.imdb.com/title/tt5946128/
