,Title,IMDB ID,Date of release,Genre1,Genre2,Genre3,Language,Actor1,Actor2,Actor3,Crew1,Crew2,Crew3,Plot summary,IMDB rating,IMDB votes,IMDB URL
0,Badal,0247944,2000,Action,Crime,Drama,Hindi,Bobby Deol,Rani Mukerji,Ashutosh Rana,NA,NA,NA,"Badal (Bobby Deol) is a victim of the 1984 riots, brought up by a terrorist (Ashish Vidyarthi). Badal lives with the sole aim of exterminating a police cop Rana (Ashutosh Rana) now the DGP. Rana was responsible for cruel harassment and murders of innocent people in the villages of Punjab. Including that of Badal's whole family. An honest police officer (Amrish Puri) and his family give shelter to young Badal where he falls in love with Rani Mukherjee. Badal's aim remains to kill the treacherous police officer who had killed his parents and his loving sister. After several twists and turns he meets the treacherous Jai Singh Rana who has now become a DIG. How the hero accomplishes his revenge forms the rest of the story?",4.9,1322,https://www.imdb.com/title/tt0247944/
1,Road,3546370,2014,Documentary,Sport,NA,English,Liam Neeson,Liam Beckett,Siobhan Carter,Philip Magorrian,NA,NA,"Brothers addicted to speed. At any price. Motorcycle road racing is the most dangerous of all motor sports. One in which men compete at speeds of up to 200 miles per hour on closed country roads. Roads that are lined with trees, telegraph posts, stone walls. Ireland and the Isle of Man are two of the few places in the world where the sport still survives. Narrated by Liam Neeson, this is the dramatic and poignant story of two sets of brothers from Northern Ireland who have dominated road racing for over thirty years. Two generations of one family that have been united by success. And united by tragedy.",7.9,1369,https://www.imdb.com/title/tt3546370/
2,Nasha,3044882,2013,Drama,Thriller,NA,Hindi,Poonam Pandey,Shivam Patil,Vishal Bhonsle,Suneel Dutt,Suneel Dutt,Manasi Kolhe,"It is the story of an 18 year old boy who falls hopelessly in love with a 25 year old woman. A woman he cannot have, but a woman he cannot help but desire. And, as is the case with desires unfulfilled, they turn into obsessions. The movie emphasizes that in a world of temptation, romance is temporary, love is lonely, but addiction is forever.",3.2,1245,https://www.imdb.com/title/tt3044882/
3,Jail,1245774,2009,Drama,NA,NA,Hindi,Manoj Bajpayee,Atul Kulkarni,Neil Nitin Mukesh,Nitin Chandrakant Desai,Manasi Kolhe,Prashant Vichare,"Shortly after getting promoted as Regional Manager of Max Finance, Parag Dixit gets arrested in Bandra for Firing at Police, and Possession of Narcotics. His associate, Keshav, is grievously injured, and is hospitalized in a coma-like condition. Parag's widowed mother, Alka, and Air Hostess girlfriend, Manasi Pandit, retain Advocate Harish Bhatiya to represent him at a preliminary bail hearing, but the Judge denies bail. Housed in an overcrowded barrack, with barely room to move, Parag meets with a variety of people - both convicted and awaiting trial - including Abdul Ghani, Kabir Malik, Galib Suratwala, Nawab, Bababhai, etc. Parag again appears in Court e after a charge-sheet is filed, but again, due to the seriousness of the offenses, fear of tampering with evidence and witnesses, he is denied bail. Several months later, Keshav is now deceased - and Parag, embittered by abuse, loss of faith in an overburdened system - with overwhelming evidence against him - faces trial as the only accused.",6.2,1274,https://www.imdb.com/title/tt1245774/
4,Aakhree Raasta,0090575,1986,Action,Crime,Drama,Hindi,Amitabh Bachchan,Sridevi,Jaya Prada,Subbaiah,Velu,NA,"David is an old prisoner, released after twenty-four years in a penitentiary for a crime he hasn't committed. The three men who framed him and sent him away, are now prominent citizens of his town. David walks out of the prison straight into a confessional booth at his church. He tells the priest that he is about to kill three prominent men, for which he seeks God's pardon in advance. He must find his old friend, bootlegger and the custodian of David's only son. David had believed in his friend to bring up his son as the worst criminal and seek revenge from the men who put him away. On meeting him, David finds that his son is a Cop instead. Devastated, David continues on his own. When he is about to kill the three men, his son has vowed to protect the citizens under any circumstances. David and his son are at war, personally and the smarter of the duo would win.",7.0,1320,https://www.imdb.com/title/tt0090575/
5,Saudagar,0102844,1991,Action,Drama,Romance,Hindi,Dilip Kumar,Raaj Kumar,Vivek Mushran,NA,NA,NA,"Veeru Singh and Rajeshwar Singh are sworn enemies, their clans and villagers have taken sides in a blood feud. Guns, and goons galore in both their fiefdoms. Military grade training for their cadres. How did all this come to pass when they were inseparable as friends while they were children. Their blood feud extends to their children. When one of their sons, Kunal gets a girl from the opposite camp pregnant, and she is raped and killed by someone from the other side, tensions escalate. Will the grandchildren carry the torch of hatred. Vasu and Radha are the grandchildren, whose association kindles another fire from yesteryear. Who manipulated the estrangement of dear friends and why? Is there a possibility of reconciliation between Veeru and Rajeshwar? Who wins, who loses is the theme of the film. Glueing the plot together is a childhood song that the duo would sing, and now the grandchildren have learned to sing.",6.8,1335,https://www.imdb.com/title/tt0102844/
6,16 December,0313844,2002,Action,Thriller,NA,Hindi,Milind Soman,Danny Denzongpa,Gulshan Grover,NA,NA,NA,"16 December, 1971 was the day when India won the war against Pakistan, and was also able to liberate Bangla Desh from Pakistan's rule. Although the ruling dictator of Pakistan surrendered unconditionally to India, some of the hard-lined Pakistani soldiers were bitter and angry at the surrender, as they wanted to continue fighting the Indians until their last breath. They retreated in silent and later came together to form their own groups of Jihaadi soldiers to carry out terrorists attacks against neighboring India. One of them was Dost Khan (Gulshan Grover). Although the Indian authorities were aware of Dost Khan's terrorist activities, they were unable to apprehend him as he kept changing disguises, and always kept one step ahead of the authorities. This matter was assigned to Chief of Revenue Intelligence Vir Vijay singh (Danny Denzongpa) and his team of Vikram (Milind Soman), Victor (Sushant Singh), and Sheeba (Dipanita Sharma). Their investigation led them to the conclusion that terrorists had been able to acquire a nuclear bomb, at the time of the break-up of the Soviet Union, and that nuclear bomb is now in India's capital Delhi. 16th December is the deadline for the nuclear bomb to explode, however, Vir Vijay Singh and his team have not idea about the location of the bomb, nor of Dost Khan.",6.9,1266,https://www.imdb.com/title/tt0313844/
7,My Brother... Nikhil,0419992,2005,Drama,Sport,NA,English,Sanjay Suri,Juhi Chawla,Purab Kohli,NA,NA,NA,"The Kapoors have been living in Goa for several years, and are a well-known and respected family. Navin Kapoor is now retired, and lives with his wife, Anita, who has some Portugese blood, a sportsman son, Nikhil, and daughter, Anamika (Anu). Navin is thrilled to know that Nikhil has been selected for a sports scholarship and will be representing Goa in a national swimming championship. Before that could happen, Nikhil is asked by his coach to take a break and let some fresh youngsters take over; he is eventually dismissed from the team; Navin and Leena encounter hostile stares whenever they go out together; and Leena is shunned by her friends. Watch the climax as the Kapoors find out why the ground has been removed from under their feet, and if at all they are ready to accept the challenge together as a family or as embittered individuals who end up blaming each other.",7.2,1243,https://www.imdb.com/title/tt0419992/
8,Saajan Chale Sasural,0246905,1996,Comedy,Drama,NA,Hindi,Govinda,Karisma Kapoor,Tabu,Menon Mohd. Yusuf,NA,NA,"Naive villager Shyamsunder, who sings, comes to Bombay to try his luck with Bollywood and wealth. He ends up on the streets, playing for small alms. He meets with another musician, Muthu Swami, and both attempt to meet the owner of Tips Cassettes, Mr. Khurana, for an audition, in vain though. Then one day, Shyamsunder meets beautiful Divya, the only daughter of Mr. Khurana, and both fall in love with each other. Divya would like to marry Shyamsunder, and also further his career. What she does not know is that Shyamsunder loves another woman from his village by the name of Pooja, who he has promised to marry. Pooja arrives in the city, and with Divya already present there, Shyamsunder and Muthu Swami invent a look-alike of Shyamsunder, with hilarious results.",6.0,1378,https://www.imdb.com/title/tt0246905/
9,Madhumati,0050665,1958,Fantasy,Musical,Mystery,Hindi,Dilip Kumar,Vyjayanthimala,Johnny Walker,NA,NA,NA,"While driving his car on a rainy night, Anand's car breaks down, and he goes to seek shelter in a nearby house. He is let into the house by the servant, and he is permitted to stay until the rains stop be able to get his car fixed. It is here that he will find out about his previous birth, his true love, Madhumati, their ill-fated, star-crossed and tragic romance, and how events in his previous birth are going to effect him in this life-time.",8.0,1349,https://www.imdb.com/title/tt0050665/
10,Alag: He Is Different.... He Is Alone...,0813996,2006,Action,Drama,Fantasy,Hindi,Akshay Kapoor,Dia Mirza,Yatin Karyekar,NA,NA,NA,"Widower Hemant Rastogi lives in scenic Mahabaleshwar, seemingly alone. One night he has a heart attack and passes away. When the Police search his residence, they find a young man in the basement of the house, a man whose eyes are very sensitive to any kind of light, whose name is Tejas, the only son of Hemant, who has been sheltered, and has never stepped out. The Police ask Purva Rana of P.R. Institute, that rehabilitates young men who have taken to crime, to look after Tejas, whose life has been influenced by books that his dad provided for him. Tejas proves that he has power of mind over matter, and thus proves to be a misfit in the institute, resulting in the near fatal accident of a security guard, Singh, and the death of a fellow student, John. But Tejas redeems himself in the eyes of Purva's wealthy dad, Pushkar, when he is able to wake his wife, Gayetri Rana from a coma-like condition. It looks like Tejas has wormed his way into the Rana household, but this is short lived as a number of doctors are curious and would to carry out some experiments on him. When Tejas and Pushkar both refuse to be part of these experiments, Tejas is abducted and held in a glass chamber by Dr. Richard Dyer, who wants to control his mind for his own benefit. The question remains will Tejas use his skills and powers to overcome Dr. Dyer or will he be treated as a guinea pig to further the personal goals of Dr. Dyer.",3.8,1214,https://www.imdb.com/title/tt0813996/
11,Disco Dancer,0208903,1982,Drama,Musical,Romance,Hindi,Mithun Chakraborty,Kim,Kalpana Iyer,NA,NA,NA,Anil is a performer dancing and singing on streets he and his mother are accused of stealing a guitar by P.N Oberoi out of shame they leave from Bombay.Years later in Goa Anil is singing and dancing at small functions and has dream of making it big.Sam Oberoi spoil brat of P.N Oberoi is big name in music world.David Brown his manager quits his job due to his arrogant behavior and challenges Sam he will create a new star opposite him.Mr Brown notices Anil and gives him a break where Sam's sister Rita is ready with her friends to spoil the event.When Anil starts dancing except Rita everyone follows him and show turns to be hit. Mr Brown arranges a show for him in Bombay the city where he and his mother was insulted.Sam and P.N Oberoi send goons to stop Anil from reaching the show.But he manages to reach and his performances becomes a big hit soon Anil turns into Jimmy a craze for every young star this destroys Sam's career.Rita realizes her mistake and teams up with Jimmy.But her father and brother want Jimmy to be finished and can go to any extent.,6.5,1342,https://www.imdb.com/title/tt0208903/
12,Khamoshiyan,3886444,2015,Drama,Horror,Romance,Hindi,Gurmeet Choudhary,Ali Fazal,Sapna Pabbi,Narendra Haldankar,NA,NA,NA,4.0,1272,https://www.imdb.com/title/tt3886444/
13,Ajooba,0101283,1991,Action,Adventure,Comedy,Hindi,Amitabh Bachchan,Dimple Kapadia,Rishi Kapoor,Dileep Singh Rathore,NA,NA,"This is a story of Ajooba, the masked legend, who was treated as the only protector of the people of Baharistan. Ajooba is none other than Ali, the real heir to the kingdom of Baharistan. Unfortunately for Ali, when he was just born, his father and mother were overthrown by the evil designs of the Vazir. Ali survived as destined and was brought up by a blacksmith who was unaware of Ali's real identity. In the guise of Ajooba, Ali takes up the very difficult task of finding his lost parents and then to re-instate them to the throne with great honour.",5.3,1249,https://www.imdb.com/title/tt0101283/
14,Maa Tujhhe Salaam,0307116,2002,Action,Drama,NA,Hindi,Sunny Deol,Tabu,Arbaaz Khan,NA,NA,NA,Major Pratab Singh works in the Indian army and he and his battalion has been assigned duty near the Indo-Pakistan border. There duty mainly consists of eliminating any terrorists trying to cross the Indian border. A Pakistan leader Gul Mustan and well known Lala is plotting to liberate Kashmir from India so that they can take control in there own way but things does not go accordingly as one loyalist of Lala; Albaksh begins to leak important information about there plans to the Indian army. And thus there begins a saga of combat between the army and the terrorists leaving many casualties on both sides.,3.5,1171,https://www.imdb.com/title/tt0307116/
15,Junglee,7463730,2019,Action,Adventure,Thriller,Hindi,Vidyut Jammwal,Lars Kjeldsen,Asha Bhat,Yogesh Bansode,Shivani Shivaji Bhosale,Pattamawan Chaiwattananan,Dipankar Nair runs a Elephant sanctuary but things have turned bad as hunters are frequently killing Elephants for their tusks.His son Raj a Vet in Mumbai arrives for 10th death anniversary of his mother befriends his childhood animals Bhola and Didi.Keshav an hunter has an eye on huge tusks of Bhola which could fetch good money.Keshav kills Bhola for his tusks and also Dipankar who tries to save him.The cops arrive at funeral of Dipankar and falsely implicate him of being with hunters and also frame Raj for it.,5.6,1760,https://www.imdb.com/title/tt7463730/
16,3G,9484372,2016,Drama,NA,NA,English,Shauna Blaize,NA,NA,NA,NA,NA,NA,NA,NA,https://www.imdb.com/title/tt9484372/
17,Jodi Breakers,2191721,2012,Comedy,Musical,Romance,Hindi,Bipasha Basu,Helen,Pradeep Kharab,Sheena Dsouza,NA,NA,Sid and Sonali help people in getting divorce who are not happy in their married life while in the case of Mark and Maggie Pereira it is then Sonali will come to know about Sid's intentions which will seriously affect their own relationship.,3.5,1148,https://www.imdb.com/title/tt2191721/
18,I See You,0857381,2006,Comedy,Drama,Fantasy,Hindi,Arjun Rampal,Vipasha Agarwal,Chunky Panday,NA,NA,NA,"Dr. Shivani Dutt lives a wealthy lifestyle in London, England, along with her widowed mom, and a dog named Kaali. She works at the Thomwell Hospital. One day she notices that some of her fellow doctors indulge in organ trafficking, and decides to expose them. Before she could do anything, her car has an accident, and she ends up in the very same hospital as a comatose patient. Her condition remains serious, and she continues to be on life-support systems, without any chance of future recovery. The doctors recommend to her mother that the life support systems be turned off. Unable to speak for herself Shivani's troubled spirit arises and attempts to find someone to convince them about her situation. The only one who can understand her is egoistical 'British Raj' TV host, Raj Jaiswal, who believes that he is irresistible to women. A disbelieving Raj is finally convinced, and together with Akshay Kapoor, they decide to abduct Shivani's body from the hospital to his residence. Watch what happens when events spiral out of control and a Bollywood-speaking Police Inspector named John Smith starts taking a special interest in Raj and the case of Shivani's missing body.",4.1,1149,https://www.imdb.com/title/tt0857381/
19,Baaghi: A Rebel for Love,0099080,1990,Action,Drama,Romance,Hindi,Salman Khan,Nagma,Shakti Kapoor,NA,NA,NA,"Saajan is a college youth, enjoying his life, meets with Kajal the girl of his dreams at a brothel. Kajal is an innocent victim of Dhanraj, who runs this brothel. Saajan eventually falls in love with Kajal, but this love affair is not acceptable to the society, which includes his parents Mr. and Mrs. Sood. Saajan's dad Col. Sood wants his son to join the Indian army. On the other side, this relationship of love is also not acceptable to Dhanraj, since he doesn't want any of his brothel girls to go into normal respectable society. Trapped between both, Saajan, along with his friends, rescues his love from the brothel. But the question remains: Will Saajan's parents accept him along with Kajal or Will Dhanraj's evilness overcome the couple's love?",5.7,1498,https://www.imdb.com/title/tt0099080/
20,Ek Doctor Ki Maut,0345177,1990,Biography,Drama,NA,Hindi,Shabana Azmi,Pankaj Kapur,Irrfan Khan,Shatadal Mitra,NA,NA,"After years of painstaking research at the cost of his domestic pleasure, Dr. Dipankar Roy discovers a vaccine for leprosy. The news is flashed over television and overnight, an insignificant junior doctor receives international recognition. Professional jealousy and abuse of power threaten Dr. Roy, even as the Secretary of Health reprimands him for breaking the news to the press. He is asked to report to the Director of Health. Professional colleagues Dr. Arijit Sen and Dr. Ramananda invite him to a lecture but it is merely a pretence to humiliate him. Dr. Roy suffers a mild heart attack but he refuses to go to the hospital. His wife and few others like Dr. Kundu stand by Dr. Roy, but the harassment continues; a letter from an American foundation is suppressed and Dr. Roy transferred to a remote village. The last straw is two American doctors receiving credit for discovering the same vaccine. Dr. Roy is shattered.",8.3,1370,https://www.imdb.com/title/tt0345177/
21,Love Sonia,3823392,2018,Drama,NA,NA,Hindi,Abhishek Bharate,Riya Sisodiya,Mrunal Thakur,Keith Balser,Chase Cushing-Murray,Joseph Fedo,NA,7.4,1687,https://www.imdb.com/title/tt3823392/
22,First Rank,0154183,1990,Action,Drama,Sport,Hindi,Dev Anand,Aamir Khan,Ekta Sohini,NA,NA,NA,"India has lost two of the three one day internationals against Australia, and has lost all hope of winning the three-test series, mostly due to the dismal performance of the arrogant Cricket Captain, Ranvir Singh alias Ronny. Ronny is also the brother of the Chair of the Cricket Selection Committee. This Committee decides to replace Ronny with a newcomer named Sunny, whereupon an embittered Ronny seeks revenge. The third match is being planned in the Wankhede Stadium in Bombay, and a group of terrorists announces that they will blow the stadium up with the estimated 50,000 spectators, unless the Indian army withdraws its peace-keeping force in the region. The Chair of the Selection Committee takes control as the Director General of Police, launches an investigation, and arrests the culprits, who have been employed with the stadium for many years. But the problems are not over yet, for the stadium is still packed with explosives, and the remote control is in the hands of Ronny - who has decided to kill Sunny at any cost.",5.3,1136,https://www.imdb.com/title/tt0154183/
23,Keemat: They Are Back,0286752,1998,Action,Comedy,Drama,Hindi,Akshay Kumar,Raveena Tandon,Saif Ali Khan,Prasanjeet Chanda,Nitin Kulkarni,Tapan Roy,"Ajay and Dev are two small-time crooks. One day they accidentally killed a man named Mohan Tripathi. With a good and pleasant mind they find out the address of the decreased and pays a visit to his village. Only to see the young man's family eagerly waiting for his return from abroad, seeing the family's plight they decides to lie about the young man and told the family that he is alive but was delayed because of some urgent work. Days and months passed and Mohan did not showed up towards his family and both young men continues to lie to them. The question remain what will be the outcome of Ajay and Dev when the family learns that there son is no longer alive and that both are his killers?",5.7,1184,https://www.imdb.com/title/tt0286752/
24,Jis Desh Mein Ganga Rehta Hain,0263491,2000,Comedy,Crime,Drama,Hindi,Govinda,Sonali Bendre,Rinke Khanna,Rangarao Chougule,NA,NA,"Gangaram alias Ganga has been raised by his foster parents who reside in the village thus he gets accustom to village life. 24 years later his birth parents multi-millionaire Avinash and his wife Radha comes to ask him to move into their bungalow located in the city to which Ganga agrees and goes to bid farewell to his friends and girlfriend Saawni. While in the city Ganga is introduced to his elder brother, Milind, his wife, Supriya, and his younger brother; Ganga finds it very hard to adjust to the city life and is often scuffed at. Avinash arranges his marriage with equally wealthy Tina to which he agrees although he is not comfortable with this marriage as he is still in love with Saawni; meanwhile Ganga's honest policy gets him and his new found family into further problems.",4.9,1224,https://www.imdb.com/title/tt0263491/
25,Umrika,2614722,2015,Comedy,Drama,NA,Hindi,Aashish Bhatt,Uplaksh Kochhar,Megh Pant,Pravin Chaudhari,Subhash Maskara,Purvisha Peshwe,"A small village in India is invigorated when one of their own travels to America (aka, UMRIKA) and details his adventures through letters home, sparking community debate and inspiring hope. But when the letters mysteriously stop coming, his younger brother Rama (Suraj Sharma) sets out on a journey to find him. With the help of his best friend Lalu (Tony Revolori), Rama retraces his brother's path to find himself charting one of his own. Set in the mid-1980s, UMRIKA is a funny and meaningful story of the lengths taken to realize one's dreams.",6.6,1396,https://www.imdb.com/title/tt2614722/
26,Tum Bin 2,5717110,2016,Drama,Romance,NA,Hindi,Neha Sharma,Aditya Seal,Aashim Gulati,NA,NA,NA,"This film centers around the life of Taran (Neha Sharma), who loses her fiance Amar in a skiing accident. Her life changes when she meets Shekhar, who has seen the best and worst of times. The story explores old friendship, newfound love and a difficult decision.",4.8,1225,https://www.imdb.com/title/tt5717110/
27,Sainik,0290839,1993,Action,Drama,Romance,Hindi,Akshay Kumar,Ashwini Bhave,Farheen,Pradeep Khandelwal,Ajay Verma,NA,"Lieutenant Suraj Dutt successfully fails an arms dealing on the border.He soon comes on leave and goes to meet his sister Mini where he comes across Alka.Alka and Sooraj soon fall in love and get married life is going very cheerful to everyone in between Minnie's marriage gets arranged to Pankaj son of Gajraj Chaudhary.Suraj notices that Pankaj is the same person who was dealing with arms on the border and gets him and Gajraj arrested.Minnie is left broken heart but Vijay comes froward to accept her and their a marriage is arranged but before that Suraj has to leave for a mission.Few days later his father Yashpal Dutt ,Alka and Minnie get the news of Suraj's death from different people but all decide to keep it as a secret from everyone as his sudden death might shatter the family.",6.1,1187,https://www.imdb.com/title/tt0290839/
28,Aamdani Atthanni Kharcha Rupaiya,0305173,2001,Comedy,Drama,Family,Hindi,Govinda,Juhi Chawla,Tabu,Gopal,Laxman,Raju,"Jhoomri and her husband, Bhimsha, move into a new neighbourhood. Their immediate neighbours are three squabbling couples, namely Vijay and Anjali who are newly married; Appu Khote and Vimla, who are married and have 4 children; and Ravi and Meena, who are also married and have one child. With their wages unable to keep up with inflation and high cost of living, unable to pay even rent to the landlord, B.K. Kakkad, the wives decide to seek employment to augment their income, with hilarious results from their spouses, who will go to any extent to keep their wives at home, even if means to bring a dancing girl home to cook and look after the children!!",4.8,1290,https://www.imdb.com/title/tt0305173/
29,Armaan,0331851,2003,Drama,Family,Romance,Hindi,Amitabh Bachchan,Anil Kapoor,Preity Zinta,Navin Kenkre,NA,NA,"Dr. Siddharth Sinha is a dedicated selfless doctor who dreams of building a state-of-the-art hospital with all the modern instruments and amenities for patient care . His foster son Akash shares his dream . Akash falls in love with Neha Mathur , an anaesthetist in the same hospital . In a friend's party , Akash meets Sonia who is a spoilt daughter of a millionaire Gulshan Kapoor . Sonia develops an infatuation for Akash . Gulshan Kapoor proposes to Dr. Siddharth Sinha that he will donate a big sum of money to his hospital , on the condition that Akash marries Sonia . Dr. Siddharth Sinha declines but dies of a heart attack a few days later . Burdened with fulfilling his father's dream , Akash decides to marry Sonia sacrificing his own love . But even after marriage Sonia is jealous of Neha and constantly accuses Akash of infidelity which leaves him in a dilemma , torn between two women .",5.2,1121,https://www.imdb.com/title/tt0331851/
30,Irada,6467738,2017,Drama,Mystery,Thriller,Hindi,Naseeruddin Shah,Arshad Warsi,Divya Dutta,Sikander Ahmad,Prasad Keer,Liyakat Ali Khan,A mysterious bomb blast in a business tycoon's factory prompts the state CM to hire an NIA officer. He meets an ex-army man seeking revenge for his dead daughter and a journalist demanding justice for her slain boyfriend. Nothing is what it seems.,6.3,1336,https://www.imdb.com/title/tt6467738/
31,Waqt,0059893,1965,Drama,Romance,NA,Hindi,Sunil Dutt,Sadhana,Raaj Kumar,R.G. Gaekwad,Dadoo Laxman,NA,"Members of a family are separated in a natural disaster. Several years down the line, they aren't united but their lives are strangely interconnected.",7.8,1287,https://www.imdb.com/title/tt0059893/
32,Rudraksh,0366985,2004,Action,Fantasy,Sci-Fi,Hindi,Sanjay Dutt,Bipasha Basu,Sunil Shetty,NA,NA,NA,"Healing powers that science cannot explain and voodoo practices that defy all logic are just some of the instances of paranormal activity that Dr. Gayatri [Bipasha Basu] is busy investigating. Her experiments bring her with her team of fellow scientists from America to India where they encounter the gifted Varun [Sanjay Dutt].Varun has inexplicable paranormal powers, yet is highly disciplined and evolved. His unusual ability of taking away pain and affliction from his subjects fascinates Gayatri and he becomes a willing subject of her cause. Gayatri's unusual experiments suddenly hurtle Varun towards guessing the existence of a dark power that is hidden and evil. What is the force all about? And why does it wage a battle against Varun? And how is it linked to Ravan's Rudrakash? Hidden away, vanished in the hoary mists of time is the most unusual Rudraksh. Legend has it that it carried in its folds seed sounds that promised to mutate humans into a new species. This was not a normal Rudraksh worn by ordinary people. In the language of science, it was a multi-dimensional hologram in the form of a seed. It beheld the power to mutate its bearer into a power beyond all reckoning.Though he first tries to evade the forces that beckon him, Varun is drawn deeper and deeper into a pact of peril. He is soon hurtled into a heady adventure and chase that takes him to the Himalayas and then into the mysterious ruins of the legendary King Ravan's palaces in Lanka. Varun digs deep to discover the secret of Rudraksh. And suddenly everything starts making sense.",2.7,1188,https://www.imdb.com/title/tt0366985/
33,Raakh,0290820,1989,Action,Crime,Drama,Hindi,Aamir Khan,Supriya Pathak,Pankaj Kapur,NA,NA,NA,"After witnessing the public humiliation & abuse of a female friend, a young man vows to avenge her by going after the hoodlums responsible. he is guided by a burnt out, cynical cop, who shows him the ropes as well as the realities of vigilante life.",7.5,1132,https://www.imdb.com/title/tt0290820/
34,Vishwatma,0130350,1992,Action,Drama,Thriller,Hindi,Naseeruddin Shah,Sunny Deol,Chunky Panday,NA,NA,NA,"Police inspector Prabhat Singh is sent to Kenya on a mission of apprehending the crime lord Azghar Jurrat. Prabhat's mission is one of duty as well as vengeance: his younger brother had been murdered by Jurrat after Prabhat shot and killed Jurrat's brother in the line of duty. Prabhat is accompanied by an ex-convict Akash Bharadwaj who also seeks revenge against Jurrat for massacring his entire family. In Kenya, their liaison with the local police is Surya Pratap Singh, a tough and honest police officer of Indian origin. Since Jurrat is a respected citizen in Kenya without any police record, the task before Prabhat and Akash is made doubly tough, as they now have to collect solid evidence of Jurrat's criminal empire all the while evading the watchful and suspicious eyes of Surya Pratap Singh. Little does Surya Pratap know that the unknown assailant who caused his wife's death and his daughter's traumatized condition happens to be Nagraj, Jurrat's son.",6.5,1247,https://www.imdb.com/title/tt0130350/
35,Ghulam-E-Musthafa,0185335,1997,Action,Crime,Drama,Hindi,Nana Patekar,Raveena Tandon,Paresh Rawal,Abhay,Sanjay Paghe,NA,"At the behest of Mahesh Verma, Shanta Prasad alias Abba, recruits Ghulam-E-Musthafa, a gangster and hit-man to carry out their nefarious activities. When Dayanand Dixit refuses to sell his property to Verma, Ghulam is asked to move into their house, live with them, and eventually force them to leave. Dayanand and his wife, Bhagyalaxmi, are shocked at this and initially cannot accept a Muslim male to live together with them and eat from their utensils. To make matters worse, Dayanand loses his job, his son, Vikram, is unable to secure admission in any college, and their daughter, Vidya, is unable to get anyone to marry her. Faced with these obstacles, the Dixit family must now arrive at a compromise with Ghulam and his masters - or else be shunned by the rest of the community - leaving Vikram uneducated and Vidya unmarried for life.",6.6,1157,https://www.imdb.com/title/tt0185335/
36,Samrat & Co.,3636776,2014,Mystery,Thriller,NA,Hindi,Rajeev Khandelwal,Madalsa Sharma,Gopal Datt,Narendra Haldankar,Kamlesh Vaghrechkar,NA,"A young, beautiful and rich girl, Dimpy Singh (Madalsa Sharma), approaches Samrat Tilakdhari (Rajeev Khandelwal), a private investigator, with a strange case. How will Samrat unfold the mysteries? Will there be more mysteries while he is investigating? Will the case be solved?",6.3,1263,https://www.imdb.com/title/tt3636776/
37,Mujhe Kucch Kehna Hai,0284328,2001,Drama,Romance,NA,Hindi,Tusshar Kapoor,Kareena Kapoor,Amrish Puri,Nitin Wable,NA,NA,"Karan who is weak in his studies but good at music and masti which always results in fighting with his father, but his life changes when he sees the girl of his dreams. Everywhere he sees her he follows her but one day he goes out of town to find her but couldn't. Later his father sents him to another city but his car breaks down and takes lift and finds it's the same girl whos name is Pooja. During the drive a truck comes and hits the cars which falls in a valley but Karan and Pooja are on the cliff but after saving Pooja his hands slip and falls down. After gaining conscious Pooja realizes it was her fault that Karan died and searches for his body, but he found by a man and is taken to a hospital. He is then reunited with his family, and goes off to search for Pooja. She finds him first and they start a friendship. Later he gets close to her but finds she is going to America for studies but confesses that he loves her and she also loves him and when she comes back they will get married.",5.0,1167,https://www.imdb.com/title/tt0284328/
38,Welcome 2 Karachi,4023852,2015,Action,Comedy,War,Urdu,Arshad Warsi,Jackky Bhagnani,Lauren Gottlieb,Swapnil Bhalerao,Gautam Jadhav,Satya Shekar,NA,4.3,1154,https://www.imdb.com/title/tt4023852/
39,Maine Dil Tujhko Diya,0326600,2002,Action,Romance,NA,Hindi,Sohail Khan,Sameera Reddy,Sanjay Dutt,NA,NA,NA,"A prominent and very wealthy businessman named Mr. Varma lives a middle class life with his two daughters. The eldest one named Ayesha Verma is expected to marry Varma's friend and right-hand named Mr. Chopra's son, Raman. Soon after Ayesha started to go to college and is attracted to Ajay. The two lovers spend beautiful moments together in college and elsewhere, one day Raman spot Ayesha and Ajay together at a rose day party and is jealous and so he complaints to Mr. Varma thereafter Mr. Varma decides to tests Ajay and see if he is ready to become his future son-in-law. But Ajay proves to be hot headed and so he and Mr. Varma became sworn enemies and he asks Ajay to move away from his daughter's life but Ajay does not obey and continues to reach Ayesha, Varma contact a notorious underworld Don, named Bhai-Jaan and Ajay is told that after the 30 days of Ramadan, he is suppose to meet a violent death, and so Ajay is badly beaten up by his goons and is left virtually for dead on the outskirts of Bombay, but Ajay recovers and swear that he will marry Ayesha. Verma contacted the police and Ajay also receives another trashing from them but Ajay escapes and throws a challenge to Chopra and Verma that he will make Ayesha become his bride within 24 hours and will strive hard to fulfill his promise. Along with the help of the college principal and students Ajay and Ayesha is finally married after a big blast with the enemies.",3.8,1164,https://www.imdb.com/title/tt0326600/
40,Barsaat,0112459,1995,Action,Romance,NA,Hindi,Bobby Deol,Twinkle Khanna,Raj Babbar,Bijon Das Gupta,NA,NA,"Badal comes from a rural village to take an enrollment into a college in the city. He meets his fellow collegian, Tina Oberoi and both gets acquainted with each other and after a few misgivings both fall in love with each other; only to learn that Tina's wealthy father, Dinesh Oberoi is against this relationship. Dinesh attempt to malign Badal's reputation by accusing him of raping a female but Tina testify in favor of Badal. Dinesh then make an attempt to bribe Badal with money but Badal refuses and continues to meet with Tina. When things goes out of hand Dinesh decides to hire a corrupt Assistant Commissioner of Police Neghi to kill Badal. Neghi then decides that he will go to any length to complete the task assign to him.",5.4,1230,https://www.imdb.com/title/tt0112459/
41,Woh 7 Din,0086597,1983,Drama,Romance,NA,Hindi,Anil Kapoor,Padmini Kolhapure,Naseeruddin Shah,Gappa Chakravorty,NA,NA,"Maya, coming from poor family, is married to the affluent Dr. Anand; but she tries to commit suicide on the nuptial night. She tells Anand that she was in love with Prem whose ambition was to be a music director. He too was in love with her but thought she would not be happy as his wife. Anand tells Maya that he had married her only for his mother who was on her death bed. When the mother dies Anand wants to unite Prem and Maya but Prem says it is against Hindu culture and disappears from their life.",7.6,1169,https://www.imdb.com/title/tt0086597/
42,Silent Waters,0357283,2003,Drama,NA,NA,Punjabi,Kirron Kher,Arshad Mahmood,Salman Shahid,Khalid Gill,Ishtiak,Ayub Khan,"Set in 1979 Pakistan, General Zia-ul-Haq has imposed martial law and, within a few months, the country is decreed a Muslim state. Aicha, a well-adjusted woman in her forties, devotes her life to the education of her eighteen-year-old son Salim, in the little village of Charkhi, in the Pakistani Penjab. Salim is a quiet dreamer, but the fast moving political situation fills Aicha with anxiety, since her son is changing out of all recognition.",7.5,1126,https://www.imdb.com/title/tt0357283/
43,Chor Machaaye Shor,0331216,2002,Action,Comedy,Crime,Hindi,Bobby Deol,Om Puri,Paresh Rawal,R. Verman Shetty,NA,NA,"Just before his arrest, Shyam manages to hide a diamond at a nearby construction site, intending to retrieve it as soon as he gets out of prison. When he's released two years later, he's horrified to discover that the building site is now police headquarters, with his stolen gem forming part of the foundation. Shyam decides to create and play the role of Inspector Ram and soon becomes the favourite of ACP Ranbir Singh (Paresh Rawal) at the police station. But life is not that easy for the impostor, who quickly comes to the attention of the ever-suspicious Inspector Pande (Om Puri). Amidst all this mayhem Ram actually finds time to romance Inspector Ranjita (Bipasha Basu). But he also plays the character of Shyam with Ranbir's daughter Komal (Shilpa Shetty). Soon they become lovers. Whilst Ram/Shyam is busy with his hectic love life, other criminals, Tito (Ashish Vidhyarthi) and Tony (Rajat Bedi), are searching for the diamond.",4.2,1152,https://www.imdb.com/title/tt0331216/
44,Sorry Bhai!,1327833,2008,Comedy,Drama,Romance,Hindi,Shabana Azmi,Boman Irani,Sanjay Suri,Alhad Ashok Satam,NA,NA,"Siddharth Mathur (Sharman Joshi), a shy young scientist, travels to Mauritius for his elder brother Harsh's (Sanjay Suri) wedding. Accompanying him is his mother Gayatri (Shabana Azmi), a reluctant traveler since she is angry at Harsh for deciding to get married without consulting them. Also traveling is Siddharth's cheery father Navin (Boman Irani), whose sole entertainment is pulling Gayatri's leg. Harsh, per-occupied with work, can spend little time with his family and it is left to his fianc√©e Aaliyah (Chitrangada Singh) to show them around Mauritius before the wedding. However, Ma's anger at Harsh ensures that she takes an instant dislike for Aaliyah, and it is Aaliyah and Siddharth who end up spending loads of time together. This, added to the fact that Aaliyah feels neglected by the career-obsessed Harsh, leads to them being irresistibly drawn to each other. A horrified Siddharth battles this attraction desperately, but Aaliyah has fallen madly in love and pursues him with single-minded determination. When Siddharth's defenses start crumbling and Ma starts getting suspicious, all hell breaks loose in the Mathur family.",6.2,1034,https://www.imdb.com/title/tt1327833/
45,Laadla,0187227,1994,Drama,Family,NA,Hindi,Anil Kapoor,Sridevi,Raveena Tandon,NA,NA,NA,"Laadla (The Beloved Son) is the story of Raju (Anil Kapoor) who lives with his disabled mom (Farida Jalal). One day Raju on his way to a job interview saves the life of a rich textile mill owner (Anupam Kher) who offers him a job in his factory which is run by his ambitious daughter Sheetal (SriDevi). Sheetal's competitive attitude and open insults result in her making several enemies in her industry. Raju works as a mechanic in the mill and confronts Sheetal several times to get the workers proper treatment. Raju's fairness for workers result in him being elected as the union leader. Raju meets Kajol (Raveena Tandon), who also works in the textile mill, and they fall in love. Raju saves Sheetal's life during an attempt by a competing textile mill owner (Prem Chopra) to eliminate her. Sheetal wants to win over Raju and makes an offer to marry him. When Raju turns her down she forces his mom to agree to the marriage. Raju accepts his mom's wishes and decides to sacrifice his love for Kajol. Sheetal expects Raju to move in with her after their marriage and live in luxury, but Raju refuses and continues to work in the mill. Tension arises between Raju and Sheetal, when she fires Kajol out of jealousy. Also labor issues cause the workers to go on strike. The competing mill owner plans to take advantage of the situation and hires hoods to set the mill on fire. Raju in his attempt to stop the fire is mistakenly arrested. Raju's mom goes to Sheetal's house to clear matters but is insulted and told to leave. The bad guys kidnap Sheetal. Will Raju be able to save Sheetal Will Sheetal find out the truth.",5.8,1191,https://www.imdb.com/title/tt0187227/
46,Aksar,0476729,2006,Drama,Romance,Thriller,Hindi,Emraan Hashmi,Udita Goswami,Dino Morea,NA,NA,NA,"Rajveer Singh is of East Indian origin and lives a very wealthy lifestyle in London, England along with his wife, former Indian model, Sheena. He finds her devoted but a little bit too possessive, and since they have signed a prenuptial agreement, he cannot divorce her. When Ricky comes to London for a photo shoot, he pays him Thirty Lakh rupees to seduce Sheena, Ricky agrees to do that as he is in debt. For this purpose Ricky is permitted to live in the Singh's mansion. At first Sheena shows hatred for Ricky, as he had ditched her friend, Nisha, but she subsequently succumbs to Ricky's charm. Rajveer then has a change of heart and finds he still loves Sheena, so he decides to pay Ricky Fifty Lakh rupees - this time to leave them - but Ricky refuses. Rajveer makes it up to Sheena by celebrating her birthday lavishly. It is on the night of the birthday that Ricky will be murdered, and this case will be assigned to Chief Investigating Officer Steve Bakshi - who has two suspects - Rajveer himself and the second one being none other than Sheena. Watch what happens when Steve decides to arrest Sheena for Ricky's murder.",4.8,1192,https://www.imdb.com/title/tt0476729/
47,The Last Lear,1039969,2007,Drama,NA,NA,English,Amitabh Bachchan,Preity Zinta,Arjun Rampal,Sushanta Paul,NA,NA,"Film-maker Siddharth Kumar is receiving guests at his premiere 'The Mask' which stars Harish Mishra, Shabnam, amongst others. He finds out that Shabnam is not attending and is not available. The reason why she cannot attend is that she has gone to visit the ailing main actor of this movie, Harish, who was injured while filming. She sits with his mistress, Vandana, and Nurse Ivy, and recount Harish's life; his meeting with Journalist, Gautam, and subsequently Siddharth himself; the installation of a camera to view people walking on the street as well as males who urinate on the walls. As they await to hear the initial reviews of the film both Shabnam and Ivy must also deal with personal issues involving their respective spouses.",7.0,1090,https://www.imdb.com/title/tt1039969/
48,Wajah Tum Ho,5638474,2016,Drama,Mystery,Romance,Hindi,Sharman Joshi,Sana Khaan,Gurmeet Choudhary,Rajesh Choudhary,Munir Hossain,NA,"A TV channel owned by Rahul Oberoi is hacked and the murder of police officer Ramesh Sarnaik is broadcast live. Rahul is interrogated by inspector Kabir Deshmukh of Mumbai police and defended by his lawyer Sia whose boyfriend Ranveer is the prosecution lawyer. During the investigation, police find Karan Parekh, Rahul's old business partner, to be the suspect but before they could get hold of him Karan's murder is also telecast live on the same channel. Kabir now has to find a link which joins Rahul, Karan and Sarnaik which is leading to the murders.",4.4,1188,https://www.imdb.com/title/tt5638474/
49,Haathi Mere Saathi,0272118,1971,Drama,Family,Musical,Hindi,Rajesh Khanna,Tanuja,David Abraham,T. Neelakantan,Jayarama Reddy,P. Venkatrao,"Orphaned Raju, in the company of four elephants, has to perform with them at street corners, in order to keep alive. Slowly he amasses a fortune, and is able to build his own private zoo, housing tigers, lions, bears, and of course the four elephants. He treats all the animals as his friends. He meets with Tanu, and both fall in love. Tanu's dad, Ratanlal, is opposed to this alliance, but subsequently relents, and permits the young couple to get married. Tanu is unhappy with the amount of time Raju spends with his animal friends, and this causes some bitterness between them. Things do not improve when a child is born, as Tanu fears that one day the child will be harmed by one of the animals, and hence Raju is told to make a choice between his animal friends or his wife and son.",6.9,1180,https://www.imdb.com/title/tt0272118/
50,Mirch Masala,0089599,1986,Drama,Thriller,NA,Hindi,Smita Patil,Naseeruddin Shah,Om Puri,NA,NA,NA,"In colonial India, subedars (tax collectors) went from village to village with soldiers, often demanding more than taxes. A subedar commands Sonbai, a beautiful and confident woman whose husband is away in the city, to sleep with him. She slaps him and flees for safety to a spice factory where women grind chillies into fine powder. The aged factory guard, Abu Mian, locks the door behind her, refusing to open it to the soldiers, to the cowardly village men led by the mayor, and to the subedar himself. The town's teacher, who follows Gandhi, and a few women, led by the mayor's wife, protest ineffectually against this village-approved rape. The stage is set for a final confrontation.",7.7,1296,https://www.imdb.com/title/tt0089599/
51,Jungle,0251756,2000,Action,Adventure,Romance,Hindi,Sunil Shetty,Fardeen Khan,Urmila Matondkar,Manish Baba,Mrinal Das,NA,"Where beasts feared to tread, he made it his home; Where the scorching sun could not reach, he shined in the cold bloodedness. Where the police never managed to catch him, he always killed them. WHERE- is the Jungle, and HE- is the king. In his reign, he killed animals, massacred policemen, slaughtered informers, and then one day, he took someone's love.",6.1,1135,https://www.imdb.com/title/tt0251756/
52,Yeshwant,0250122,1997,Action,Crime,Drama,Hindi,Nana Patekar,Madhoo,Atul Agnihotri,Sanjay Paghe,NA,NA,"Tough policier about a straight, but maverick cop who does not believe in bending over, no matter what. He encourages his wife to become a top government officer and tutors her at home, while helping with the chores, and she does achieve that goal.",7.2,1090,https://www.imdb.com/title/tt0250122/
53,Bangistan,3422462,2015,Comedy,Drama,NA,Hindi,Jacqueline Fernandez,Michalina Olszanska,Riteish Deshmukh,Pallavi Pethkar,NA,NA,"Bangistan is a whip smart and uproarious satire on fundamentalism and the story of two unlikely terrorists, the antitheses of each other, with a common destructive goal. Concerned by the unrest in the name of religion, Subcontinental leaders of Muslims and Hindus, the Imam and the Shankaracharya, announce that they're attending the International Peace Conference in Krakow in a joint effort to help unite the two religions in perpetual harmony. Rival rabble-rousing ragtag organizations, the Islamist Al-Kaam Tamam and right-wing political party Maa Ka Dal separately recruit and brainwash Hafeez and Praveen to suicide bomb the conference so that they may continue to wield their local influence. After a rigorous, and hilarious, 'training' period the two men switch their religious identities to stay under the radar. Hafeez, the jihadi, masquerades as a conservative Hindu, Ishwarchand; while Praveen, the Hindu soldier, dons the garb of a practicing Muslim, Allahrakha. Focused on the mission, they reach Krakow and end up staying together in the same apartment. The two men go great lengths to protect their real identities from the world and each other as they acquire bombs and plan their mission, teetering on the edge of revelation at key moments. Their adventures involve a local cop on their scent and desperate to make a name for himself, the foxy pub owner who takes the two under her wings, a Bangladeshi fixer out to make a quick buck, the assortment of locals they meet, and the cultural impact of their exotic experiences in the city thrown into the mix. A series of serendipitous comic events ends in an epic, dramatic, finale that brings the world to Krakow and covers the range of emotions, leaving you breathless while sending across a universally affirmative message that all religions are but different doorways to the same destination.",4.5,1214,https://www.imdb.com/title/tt3422462/
54,Dil Kya Kare,0216707,1999,Drama,Musical,Romance,Hindi,Ajay Devgn,Mahima Chaudhry,Kajol,Smita Gupta,Mohammed Kasim,Ranjan Kumar Patra,"Anand Kishore (Ajay Devgan), his wife, Kavita (Mahima Chaudhary), and only child, a daughter, Neha (Akshita Garud), live a happy and serene life in Delhi, India. The peace and quiet of this happy family is disrupted when a mysterious woman begins to secretly meet Neha who develops an instant fondness for her. The woman, Nandita (Kajol), is revealed to be Neha's biological mother merely wanting to see her daughter. The plot acquires a new tension with the Anand meeting Nandita, a girl he had shared an intimate night with on a train under strange circumstances a few years ago. Nandita reveals Neha to be a consequence of that intimacy whom she had to part with under family pressure.",5.1,1163,https://www.imdb.com/title/tt0216707/
55,Kareeb,0189633,1998,Drama,Romance,NA,Hindi,Bobby Deol,Shabana Raza,Abhay Chopra,Chokas Bharadwaj,Sham Chavan,Prasanna Karkhanis,"Birju is a young man who lives with his mom, dad, elder brother, Bhabhi and nephew in an upper middle class home. His father would like him to work as well as accept some responsibility, but Birju does not heed him, but is instead interested in petty thievery, lies, and romancing a beautiful young woman named Neha. When he proposes marriage, his mom and dad hope that this will set him on the right path, and they approve of his marriage with Neha. When Neha finds out the truth about Birju, she refuses to marry him, and re-locates to another town. Birju is unable to get Neha out of his mind, and he runs away from home, hoping to locate Neha somewhere, and try to patch things with her. He does find Neha and her mom, who is hospitalized. When Birju makes inquiries he is told that Neha's mom is due for major surgery, and that this operation will cost a lot of money. Birju steals the money to pay for the surgery, and when he goes to deposit this money at the hospital, he finds out to his dismay that her operation has already taken place, and that Neha is to marry the doctor who performed this operation.",6.5,1111,https://www.imdb.com/title/tt0189633/
56,Shikhar,0475627,2005,Drama,NA,NA,Hindi,Ajay Devgn,Shahid Kapoor,Bipasha Basu,NA,NA,NA,"How far can greed take a man? Can the 'greens' ever fight the money and might of the builders lobby? Can nature ever win over the bulldozer? These are the riveting issues raised by Shikhar. Pitted against each other in this battle of man vs nature are two different but equally powerful protagonists. Gaurav Gupta (aka GG) is a man who started with nothing and now believes that only money can fuel his ambitions. While Guruji, to the manor born, believes that wealth means nothing if not used for society. Caught in the tussle between the two is the unworldly Jaidev Vardhan, who while respecting his father's philosophy, falls hook, line and sinker for GG's gilt-edged dreams. While Guruji hopes that Jai will return to his roots, GG uses the glamorous Natasha to bewitch Jai and the unscrupulous politician Amrit Patil, to exploit the tribal into selling their lands. Madhavi watches the man she loves being carried away in to a world of wine, women and wealth. If Shikhar is the Pinnacle of good deeds and thoughts, Shikhar is also the height of ambition and greed. Which peak will Jai choose to scale in this battle of man vs. nature?",4.9,1093,https://www.imdb.com/title/tt0475627/
57,Where's the Party Yaar?,0306228,2003,Comedy,NA,NA,Hindi,Diwakar Pathak,Sunil Malhotra,Indravadan Tridevi,Rikesh Patel,NA,NA,"Harish Kumar Patel lives with his mom and dad in Valsad, Gujarat, India, where he is studying Electronic Engineering. His dad, Satish Kumar, wants him to re-locate to the U.S., live with the Bakshis, study, and marry the girl of his choice. Harish must first go through the blessings of an Astrologer, Bholey Shankar Maharaj, who blesses him, informs him that he will meet a girl whose name will start with ""P"", who he will marry. An overly excited Harish travels all the way to Houston, Texas, U.S. where he is met fondly by the Bakshi family, consisting of Mrs. and Dr. Bakshi, Mohan, and Deepu. In keeping with the fear and paranoia after the September 11 attacks, Mrs. Bakshi has made it a practice to place American flags in the front pockets of her sons, and she does it now for Harish as well. Mohan is around Harish's age and shows him around the campus. Harish meets with a beautiful Malyalee girl, Priya, and falls in love with her. But things do not go as planned when Harish finds out that Mohan actually is a snob, who hates F.O.Bs. (Fresh off the Boat) Indians like him; the girl Priya is actually in love with another young man by the name of Raju, and her name's not Priya - it's Supriya; and due to Harish's accent, oily hair, & c. he is not being invited to the party where everybody else is invited. Looks like Harish is headed for more pitfalls than he had bargained for, and it also looks like the Maharaj may have been wrong after all.",5.0,1027,https://www.imdb.com/title/tt0306228/
58,Shirin Farhad Ki Toh Nikal Padi,2187972,2012,Romance,NA,NA,Hindi,Freny Bhagat,Dinyar Contractor,Nauheed Cyrusi,Avishek Bose,Machhindra Shinde,Amit Tankaria,"Farhad Pastakia (Boman Irani) has a dream job as a bra-and-panty salesman. Except that he is a 45-year old Parsi bachelor still living with his overbearing mother and grandmother. But it's not like he's stopped trying. Desperate to get him married, Farhad's mother drags him to see women and even to embarrassing Parsi matrimony services. In the midst of all the daily humdrum, Farhad meets the woman of his dreams: Shirin Fugawala ('Farah Khan'), who drops by his store. Shirin, who works at the Parsi Trust, hits it off with Farhad from the start. Everything seems to be perfect and Farhad gets ready to introduce Shirin to his mother. But mummy becomes the villain in their story when she discovers that Shirin is the devious Parsi Trust Secretary who got the illegal water tank in their home demolished. The water tank being the 'aakhri nishaani' of Farhad's late father doesn't help matters. The ups and downs in Shirin-Farhad's relationship and how the two try to make it work is the rest of the journey.",4.2,1046,https://www.imdb.com/title/tt2187972/
59,Mission Istaanbul: Darr Ke Aagey Jeet Hai!,1179781,2008,Action,Adventure,Drama,Hindi,Vivek Oberoi,Zayed Khan,Shriya Saran,Ozkan Cimenli,Sunil Gujar,Ramakant Kanojia,"A promising journalist Vikas Sagar (Zayed Khan) is offered a position to head a controversial news station in Istanbul by its owner Owais Husain (Sunil Shetty). With this offer comes the promise of money and many other perks that make this offer hard to refuse, especially since Vikas is currently going through a very painful divorce with his wife Anjali (Shriya Saran). After working for the channel that in turn changes his life, he decides to quit, however it is brought to his attention by a Turkish commando Rizwan Khan (Vivek Oberoi), that others who have quit had been killed for knowing too much. It becomes a battle - which will win, the sword or the pen?",3.4,1135,https://www.imdb.com/title/tt1179781/
60,Haseena,6512784,2017,Biography,Crime,Drama,NA,Shraddha Kapoor,Ankur Bhatia,Siddhant Kapoor,Pratik Uppal,NA,NA,"In 2007 arrest warrant has been issued against Haseena Parkar following which she is missing. She surrenders herself to the court on the day of the hearing. Haseena is accused of extortion money from builder and looking after the illegal business of her brother settled in Dubai, several allegations are made against which Haseena denies being part of. As no witness turns up against Haseena she is granted bail by the judge.",4.2,1296,https://www.imdb.com/title/tt6512784/
61,Happy Phirr Bhag Jayegi,7881542,2018,Comedy,NA,NA,Hindi,Sonakshi Sinha,Diana Penty,Jimmy Sheirgill,NA,NA,NA,"When Professor Harpreet Kaur lands in Shanghai, the last thing she would have on her mind is getting kidnapped. A crazy comedy of errors unrolls as the 'Happy' gang - Bagga, Guddu, Happy and Usmaan Miyaan - navigate through China while Harpreet, aka Happy is caught in the crosshairs.",4.5,1304,https://www.imdb.com/title/tt7881542/
62,Bombay to Goa,0068305,1972,Action,Adventure,Comedy,Hindi,Mehmood,Aruna Irani,Amitabh Bachchan,Ibrahim Mamoo,NA,NA,College student Mala has dreams of becoming a Bollywood movie actress; her dreams began materializing into reality when she is approached by Mr. Sharma and his assistant Mr. Verma who promises to take her to the way of stardom. Unfortunately when her parents learn about this they oppose to this and decide to arrange her marriage so that she will be restricted to go above her limits forcing her to approach Sharma for advice who asks her to run-away with huge sums of cash. Greed over comes the duo resulting in Sharma killing Verma; Mala who witness this is on the run for her life; she then board a bus that run between Bombay to Goa without realizing where this journey will end. But her life remains threaten as Sharma has not given up his searches for her.,6.8,1140,https://www.imdb.com/title/tt0068305/
63,Bhaji on the Beach,0106408,1993,Comedy,Drama,NA,English,Kim Vithana,Jimmi Harkishin,Sarita Khajuria,Jaswinder Chowdhary,Gina Cromwell,Paddy Hamilton,"A group of women of Indian descent take a trip together from their home in Birmingham, England to the beach resort of Blackpool. The women vary in ages from mid-teens to old, and initially have little in common. But the events of the day lead them to better mutual understanding and solidarity.",6.4,1099,https://www.imdb.com/title/tt0106408/
64,Naya Daur,0050758,1957,Action,Drama,Musical,Hindi,Dilip Kumar,Vyjayanthimala,Ajit,R.G. Gaekwad,NA,NA,"Shankar lives in a remote village in rural India with his mother and sister, Manju, and drives a horse-carriage for a living. The main employer in the region is a kind-hearted businessman Maganlal. When Maganlal announces that he would like to undertake a religious pilgrimage, his son, Kundan, takes over and wants to cut back on labor and mechanize the business - thus leading to loss in jobs. He also introduces a bus thus taking away business from the horse-carriage drivers. This angers the community and they ask Kundan to reconsider, and he flats refuses - but agrees to withdraw the bus provided Shankar races it with his horse-carriage. Watch the action unfold as Shankar unites a divided village, and how he sets about to keep his faith in winning this race between man and machine.",8.0,1173,https://www.imdb.com/title/tt0050758/
65,Bomb the System,0337585,2002,Action,Drama,NA,English,Mark Webber,Gano Grills,Jade Scott Yorker,Catherine Osborne,Peter Chun Mao Wu,NA,"A tribute to graffiti art and the city where it all began. Blest, a 19-year-old graffiti writer, has just graduated from high school. With no ambition toward mainstream goals of work and family, he spends his time bombing the city with graffiti messages until he and his crew become the most wanted bombers by the corrupt NYPD Vandal Squad. He even attracts major media and gallery attention for his tags. Also part of Blest's crew are Buk 50 and his younger brother Lune, whose arrest and beating by the NYPD causes the crew to wage a full-on graffiti war against the city. As they fight with their spray cans and their tags, Blest meets a political activist, Alexandra. Soon after, Blest's relationship with Buk 50 and the crew fragments as Blest ponders his position in life.",6.5,1026,https://www.imdb.com/title/tt0337585/
66,Striker,1573482,2010,Action,Crime,Drama,Hindi,Siddharth,Ankur Vikal,Anupam Kher,Sikander Ahmad,Tariq Ansari,Baban Athawale,"Amidst strictly enforced curfew by Bombay Police during December 1992 following Hindu-Muslim riots, Suryakant - one of four siblings from Malad's Malvani slums, heads home. While doing so, he reflects on his childhood; his sisters: Devi and Rajni; brother Chandrakant; his dad, Shashikant, as well his mother; his expertise with the Carrom-board; run-ins with extortionist-goon, Jaleel Khan; his friendship with Zaid Khan; his crush on Noorie as well as his plans to find employment in Dubai; why he could not attend Devi's marriage, as well as the tragedy that awaits him.",6.9,1033,https://www.imdb.com/title/tt1573482/
67,Teesri Manzil,0061073,1966,Comedy,Musical,Mystery,Hindi,Shammi Kapoor,Asha Parekh,Raj Mehra,Madhukar S. Shinde,Gurudayal Singh,NA,Sunita during a train journey meets a mischievous Anil.She is traveling to Dehradhun where her sister Roopa had committed suicide a year back and held's a hotel drummer Rocky responsible for it.Anil is indeed Rocky (his stage name).He develops a liking for Sunita and when he finds Sunita is looking for him he tells his friend to pretend as Rocky telling him he wasn't responsible for Roopa's suicide as he never liked her but out of rejection she committed suicide.Anil tries to tell Sunita the truth many a times but in vain.The police find out that Roopa's death wasn't a suicide but a murder.,7.7,1171,https://www.imdb.com/title/tt0061073/
68,Meri Jung,0084324,1985,Action,Drama,NA,Hindi,Anil Kapoor,Girish Karnad,Nutan,NA,NA,NA,"Deepak Verma is framed for a Murder by GD Thakral even thou he is innocent his wife Aarti pleads to Thakral but it goes unanswered and Deepak is hanged till death,Aarti disappears after the incident her children Arun and Komal believe she is dead they both become homeless,Arun starts doing odd jobs and becomes a famous lawyer in the city and someday wants to fight a case opposite Thakral while Komal is still at college,Geeta comes to Arun to ask him to fight case of her sister Dr Asha ,Arun rejects at first but later risks his life and gives justice to Asha as he finds Asha was framed,Arun and Geeta start meeting and fall in love Komal be friend's Vicky,Vicky whose a spoil brat of Thakral,Asha 's husband Dinesh notices photo of Arun 's mother in his house and recollects that she is still alive and living in and asylum and suffering from mental disorder,Arun gets his mother home feeling she might get back to normal he enters a function which has Thakral has chief guest and insults him,Vicky now decides to take revenge of this insult and comforts Komal to get married to him this angers Arun, Geeta takes Komal to stay with her in Asha and Dinesh 's house,Vicky calls Komal and asks her to elope with him but Vicky's former girlfriend Indu reaches and tells Komal that Vicky is cheating her in a tiff Vicky kills Indu which is noticed by Dinesh and Asha meanwhile Arun reaches the spot to share good news that his mother is alright and he is shocked to see Indu being murdered, Vicky is arrested the same night and at Indu's funeral Arun notices that she is the daughter of Gupta who had tried hard to prove his father innocent and decides to give justice to Indu,Arun's long wait is now over as he wanted to battle opposite Thakral he tells him that he is son of Deepak whom he falsely acquitted now Thakral and Vicky will pay for their crimes after a lot of courtroom drama Arun proves that Vicky is guilty for Indu's murder and judge orders him to be hanged,Thakral being biggest lawyer in the city can't take this that he couldn't save his son and looses his mental balance and is put in asylum, Aarti now lives happily with her children.",7.3,1264,https://www.imdb.com/title/tt0084324/
69,Swarg,0173283,1990,Drama,NA,NA,Hindi,Rajesh Khanna,Govinda,Madhavi,Anand Kalekar,NA,NA,Kumar lives in palatial house with wife Janki two brothers and youngest being his sister Jyoti.Krishna is the house servant who considers Kumar not less then God and calls him Sahabji.Dhanraj his business rival destroys his factory his brothers then part ways from him and Jyoti's marriage is called off as Kumar has nothing left with him.Krishna is his only support who decides to be with him till the end.But he is framed for robbery and thrown out of the house.Further Janki passes away and Kumar along with Jyoti starts to live in a hut .Krishna goes to Bombay and becomes a big star.Upon his return he finds about what happened with Kumar he decides to destroy Dhanraj and Kumar's brothers.,6.7,1315,https://www.imdb.com/title/tt0173283/
70,Vodka Diaries,6275262,2018,Mystery,Thriller,NA,Hindi,Kay Kay Menon,Raima Sen,Mandira Bedi,Amritpal Singh,NA,NA,"ACP Ashwini Dixit and Sub Inspector Ankit are investigating a series of murders connecting to a club Vodka Diaries where young man are murdered on same night in presence of tree mysterious women citing infidelity.Ashwini's wife Shika soon disappears and he starts to get mysterious calls from Roshini whom he believes to be the main suspect and one behind disappearance of Shika.In order to investigate the case and find Shika,Ashwini goes back to Vodka Diaries where everyone fails to recognize him and he sees that the murder victims are very much alive.",5.6,1332,https://www.imdb.com/title/tt6275262/
71,Katha,0085776,1983,Comedy,Drama,NA,Hindi,Naseeruddin Shah,Farooq Shaikh,Deepti Naval,NA,NA,NA,"The film is loosely based on the classical Indian folktale of the hare and the tortoise, providing a modern interpretation of the same. Even though the good (tortoise) may win in the end, is it worth the wait? It is based on S.G. Sathye's Marathi play Sasa Aani Kasav (Hare and Tortoise). The tortoise - Rajaram P. Joshi (Naseeruddin Shah) - is a middle-class clerk living in a chawl (middle-class apartment complex) in Bombay. He is secretly in love with his neighbor, Sandhya Sabnis (Deepti Naval), but is unable to disclose his love for her, mainly due to his timidity. Rajaram is a very good natured and hardworking man. Most of his neighbors and colleagues take advantage of his goodness. One day Rajaram's fast-talking friend Vasudev alias Bashu (Farooq Shaikh) - the hare - comes for a visit and makes himself at home. Bashu generally impresses people by his false success stories and his over-the-top attitude. Bashu starts wooing Sandhya, and she falls in love with him. He then joins Rajaram's company, Footprint Shoes, by impressing the owner, Mr. Dhindhoria, with false stories about his work experience and love of golf. He also starts flirting with Dhindhoria's beautiful wife Anuradha (Mallika Sarabhai) and daughter Jojo (Winnie Paranjape) at the same time. In the chawl, the Sabnis family decides to get Sandhya married to Bashu, much to the shock of Rajaram. But on the day of the engagement, Bashu disappears after being caught red-handed, romancing Anuradha, by Jojo. The engagement is called off. Rajaram then offers to marry the devastated Sandhya, but she tells him that she has been very intimate with Bashu and is perhaps pregnant. Rajaram shows his greatness by accepting her in spite of all this and expressing his long hidden love towards her.",7.8,1163,https://www.imdb.com/title/tt0085776/
72,The Girl & the Train Summer 2005,2745358,2005,Documentary,NA,NA,NA,Maki Horikita,NA,NA,NA,NA,NA,NA,NA,NA,https://www.imdb.com/title/tt2745358/
73,Dillagi,0225515,1999,Drama,Musical,Romance,Hindi,Sunny Deol,Bobby Deol,Urmila Matondkar,NA,NA,NA,"Two brothers -- Ranvir and Rajvir along with their parents move to Mumbai. They endure numerous hardships, but their will to survive prevails and they succeed. Soon, their parents pass away, leaving young Rajvir in the care of Ranvir. Now wealthy beyond any means, Ranvir runs the business and Rajvir lives recklessly. When Rajvir falls in love, Ranvir arranges his marriage, but to his dismay finds out that he has arranged his brother to marry the girl he loves.",5.3,1134,https://www.imdb.com/title/tt0225515/
74,Shaadi Karke Phas Gaya Yaar,0430589,2006,Comedy,Drama,Romance,Hindi,Salman Khan,Shilpa Shetty Kundra,Reema Lagoo,NA,NA,NA,"Ayaan lives a very wealthy lifestyle with his married brother Karan and his wife Anju, younger sister Yamini and brother Rahul, and his mom and grandma, and runs a garage. ; his mom, and grandma; and runs a garage. One day he meets beautiful model Ahana and falls head over heels in love with her. She forgets her personal diary at his garage, and through this Ayaan woos her and wins her heart, and they get married. Ahana soon finds out that despite Ayaan's wealth, his family is very conservative and traditional. This causes bitterness between the newlyweds, which gets worse when she becomes pregnant and wants to abort the child. While visiting her mom on their dog's birthday, Ahana has an accident which results in a miscarriage. Ayaan blames her for losing the child, but his mother convinces him and he apologizes. Months later, Ahana becomes pregnant again, and that's when she finds out that Ayaan had pulled wool over her eyes through her personal diary. Watch what happens when Ahana decides to get drunk on her birthday and expose Ayaan publicly.",4.0,1207,https://www.imdb.com/title/tt0430589/
75,Love,0392360,1991,Drama,Musical,Romance,Hindi,Salman Khan,Arun Bakshi,Rita Bhaduri,NA,NA,NA,"Constant abuse at the hands of her husband forces, Prithvi's mother to commit suicide which then pushes Prithvi to murder his dad resulting in him spending his youth behind bars. Years later after his release from prison; Prithvi is unable to control his temper at the site of injustice. He meets Maggie Pinto and after a few chance meetings both falls in love. Maggie introduces Prithvi to her parents but her mother, Stella disapproves of the match because of Prithvi's violent background thus Maggie is instructed to abstain from Prithvi. But the lovers continue to meet tempting Stella to involve the police resulting in the arrest of Prithvi. Guruji then comes to his assistance by arranging his bail - this then opens up a rebellious game between the lovers and Stella.",5.8,1353,https://www.imdb.com/title/tt0392360/
76,Barah Aana,1202517,2009,Comedy,Crime,Drama,Hindi,Naseeruddin Shah,Vijay Raaz,Arjun Mathur,NA,NA,NA,"Barah Aana is a comedy of real life, set in today's Mumbai. The story revolves around three unlikely friends: a driver (Shukla), a watchman (Yadav), and a waiter (Aman). The driver is an older man, stoic but dependable. The watchman, in his 30s, is a pushover at work but otherwise mischievous. The waiter is a young, swaggering chap, brimming with ambition. Living together, their differing attitudes spark playful banter. At some point, misfortune befalls the watchman and, due to a series of chance events, he stumbles into a crime. Striking upon a seemingly low-risk way to make good money, and discovering a new sense of self-confidence, he tries to entice the others to join him in a series of such crimes. Cat and mouse games ensue between the three as personalities change, but events soon spiral out of control, leading them in a direction none of them had wanted to take... Featuring a talented ensemble cast, Barah Aana is based on an original script. The running time is 97 minutes.",6.8,1196,https://www.imdb.com/title/tt1202517/
77,Sapoot,0135641,1996,Action,Crime,Drama,Hindi,Akshay Kumar,Sunil Shetty,Karisma Kapoor,NA,NA,NA,"Singhania big hearten Don who does not like to trade in drugs and other illegal business which does not go well with his rivals Dhaneshwar and Tejeshwar.Singhania's older son Raj is taking care of his business,While is younger son Prem is a Casanova.Dhaneshwar is killed by Singhania when he attacks on Raj.Kantiilal and Samsher trusted aide of Singhania's betray him and he gets killed by them and Tejeshwar.Raj and Prem now decide to take his legacy forward.Prem joins police force but is eliminating enemies of Raj.But soon realizes he is going against law and decides to part ways from Raj.Thus creating rift between the brothers.",5.2,1075,https://www.imdb.com/title/tt0135641/
78,Fugly,3683702,2014,Drama,Thriller,NA,Hindi,Jimmy Sheirgill,Mohit Marwah,Kiara Advani,NA,NA,NA,"It is a story of 4 friends - Dev, Gaurav, Aditya & Devi. The cast is young & fresh. They are at the cusp of their lives - The college has just about finished, but career path is yet to be set. These are the last few days of true freedom that we have all gone through, and still cherish. These friends are conscientious, they will have fun but would never cross the boundaries - They all have dreams and expectations from life, but as they say - man proposes, god disposes. Their fun filled and care free life comes to an abrupt halt, when they are faced with an extremely corrupt and seemingly fearless Police Officer. This puts a series of events in motion which will test their friendship and characters - their life becomes 'Fugly'.",4.7,1042,https://www.imdb.com/title/tt3683702/
79,Love Breakups Zindagi,1877691,2011,Comedy,Drama,Romance,Hindi,Zayed Khan,Dia Mirza,Cyrus Sahukar,NA,NA,NA,"Delhi-based Jai Malhotra is engaged to Radhika and their marriage is expected to take place soon, while Mumbai-based Naina Kapoor has a boyfriend in Dhruv and both are also plan to wed. Both travel without their respective lovers to Chandigarh to attend the marriage of Arjun and Gayatri. They meet with Gayatri's grandmother, Bijji, and mingle with others. They also organize a night of entertainment, which is also attended by Dhruv. The festivities turn to sorrow the next day when Bijji unexpectedly passes away. After a brief mourning period, the marriage takes place, and everyone returns to their respective homes. With their minds still fresh from memories and photographs from the wedding, they then experience issues and challenges when they attempt to adjust back into their respective lives.",5.8,1033,https://www.imdb.com/title/tt1877691/
80,The Killer,0833484,2006,Action,Crime,Drama,Hindi,Irrfan Khan,Emraan Hashmi,Priyanka Kothari,Chanchal Bisht,Raju Jadhav,NA,"The Central Bureau of Investigation (CBI), India, has been made aware of a killer cab-driver in Malaysia who killed several people in a matter of hours, and then crashed his taxi and killed himself. The same think happened again, this time in Hong Kong, several people were killed by another cab-driver, who also ended up being killed. Now Ranvir Oberoi of the CBI is in Dubai, United Arab Emirates, working together with Dubai Police to protect several witnesses who have agreed to testify against notorious Dubai-based Don, Jabbar. Then the unexpected happens when at first Malika, a witness against Jabbar, gets killed; then Mussa, another witness's girlfriend is killed, with Mussa, himself, missing. Dubai police who are carrying out video surveillance of Jabbar's palatial mansion find that a Cabby, of Indian origin, Nikhil Joshi, was seen entering his estate's gates, and witnesses had stated that they had seen his taxi outside the site of recent murders. The Police race, not only to protect, the remaining three witnesses, Kamaal Khan, Akbar Sheikh, and cabaret dancer, Priya, but also attempt to apprehend this killer, before he kills everyone on his list, and ends up killing himself.",4.7,1126,https://www.imdb.com/title/tt0833484/
81,Zid,4228746,2014,Crime,Romance,Thriller,Hindi,Mannara Chopra,Karanvir Sharma,Shraddha Das,Ambika Acharya,N. Madhusudan,Karan Ghosh,NA,4.4,1141,https://www.imdb.com/title/tt4228746/
82,Banjo,5755606,2016,Action,Drama,Music,Hindi,Riteish Deshmukh,Nargis Fakhri,Aditya Kumar,Amol Hirawadekar,Vichare Roshan,NA,"Mickey a sound Recordist records a tune during Mumbai Ganpati festival and sends it to her friend Chritina in the US, Christina comes to Mumbai in search of the band.Christina along with Mickey audition many band but they don't find the band which originally played the tune.Taraat who extorts money for local politician had played the tune with his band for the festive season he is given a job of showing Chritina the whole Mumbai but doesn't disclose him self of being a Banjo player as he feels that as a Banjo player he and his band haven received the required respect.",4.9,1148,https://www.imdb.com/title/tt5755606/
83,Main Aisa Hi Hoon,0444874,2005,Drama,Family,Musical,Hindi,Ajay Devgn,Sushmita Sen,Esha Deol,NA,NA,NA,"Indraneel better known as Neel is mentally unfit, lives in a small hill station where everyone loves him works at a coffee shop and as single parent takes care of his daughter Gungun.Gungun's mother Maya was lonely and drug addict she met Neel when she needed desperately a companion.After giving birth to Gungun she suddenly disappears never to comeback.Many years later Maya's father Trivedi comes to take custody of his granddaughter as Neel is mentally not fit.A depressed Neel cant see his daughter going away from him and takes the help of a Lawyer Niti also a single mother.",4.8,1052,https://www.imdb.com/title/tt0444874/
84,Dishkiyaoon,3539966,2014,Action,Thriller,NA,Hindi,Harman Baweja,Harsh Chhaya,Sunny Deol,Priyanka Grover,Dayanidhi Patturajan,NA,NA,5.2,1007,https://www.imdb.com/title/tt3539966/
85,Naksha,0813540,2006,Action,Adventure,Fantasy,Hindi,Sunny Deol,Vivek Oberoi,Sameera Reddy,Vishnu Nishad,Udai Prakash Singh,NA,"Bhagwan Shri Kishan had predicted that the Kalyug (Dark Age - where evil will triumph over good) will start after the battle of the Kurkshetra - the epic war between Kauravas and their cousins the Pandavas. Sage Vyas had verbally dictated the Bhagwad Geeta, while Bhagwan Shri Ganesh wrote it, which included a little-known chapter - about Surya Dev's son, Karan, who though sired by Pandavas mother, Kunti herself, had fought on the side of the Kauravas. He adorned a body armor that no arrow or spear could pierce rendering himself virtually immortal. This itself could have changed the course of history and resulted in the annihilation of the Pandavas - until Bhagwan Shri Indra himself intervened and got Karan to donate this armor, which was then safely buried in the Uttaranchal mountains in India. With the body armor out of the way, the Pandavas were able to slay Karan and defeat the Kaurava hordes. Years later, Kapil Malhotra came across a map to this armor, which he wanted to be kept secret, but Baali, his assistant, wanted it for himself, so that he could rule the world. Rather than surrender the map to Baali, Kapil kills himself by jumping off a cliff, leaving behind a divorced wife and son, Veer; and his present wife with a son named Vicky. 20 years later, Vicky, while he attempts to sell their ancestral property near Kishanganj, comes across a copy of the real map - leading to a chain of events that would re-unite the Malhotra brothers, with Baali eventually getting his hands on the much coveted armor - becoming the most powerful human on Earth, unstoppable - with no one capable of killing him.",3.3,1114,https://www.imdb.com/title/tt0813540/
86,Netaji Subhas Chandra Bose: The Forgotten Hero,0349878,2005,Biography,Drama,History,Hindi,Vinay Anand,Ila Arun,Pankaj Berry,Manish Baba,Kishen Dagar,NA,"Born in a prominent Bengali family, Subhas had dedicated much of his younger years by being actively involved in ridding the British from India. For this purpose he joined hands with stalwarts such as Jawaharlal Nehru and Mohandas Gandhi, but expressed his frustration, especially with Gandhi's slowgan and painstaking way of trying to win over the enemy with love. This is the reason he decided to separate from the Congress Party. The British became weary of him, placed him under arrest, but when he started a hunger strike unto death, they let him go, but kept him under surveillance. Subhas eluded the police, under the guise of Pathan Mohammad Ziauddin, crossed the Indian border in Afghanistan so that he could enter Russia and form an Indian Army to oust the British. His efforts failed, he ended up as Italian Orlando Mashtar, with an office in Germany. He did manage to convince the Nazis, despite of Hitler's views in ""Main Kempf"" that he preferred India to remain colonized under the British. Nevertheless he was permitted recruit Indian-born British soldiers prisoners of war, and this is how the movement began. He secretly married his German Secretary, Emily Sanken, and did earn the ire of the Germans, who wanted to keep their race pure (Caucasian). His efforts to take his army to India through Russia and Afghanistan were in vain as Adolf Hitler declared war on Russia. Leaving his German-based army, Subhas journeyed to Singapore via a submarine, from there he entered into an agreement with the Japanese. And it was with the help of the Japanese that he marched an army of approximately 8000 troops, both men and women, against the might of the British. It was here that he was informed that he had become the father of Anita. Then, fate again played a cruel hand, when America entered the war, atom-bombed Hiroshima and Nagasaki, forcing Japan to surrender unconditionally. At this point, Subhas had two alternatives: to carry on fighting against the British and their new allies, Australia and America, or just disband his army.",7.6,1130,https://www.imdb.com/title/tt0349878/
87,Firangi,7549484,2017,Comedy,Drama,NA,Hindi,Kapil Sharma,Ishita Dutta,Monica Gill,Shashikant Ranjan,NA,NA,"Manga, an unemployed young man from village Behrampur, was born with a healing gift through which he could cure anyone's backache. This unique ability of his helps him get the job of Orderly from British Officer Mark Daniels. During a visit to village Naku Guda for his friend Heera's wedding, Manga comes across Sargi and falls in love with her. Manga's parents visit Sargi's house with a marriage proposal but Lalaji, Sargi's grandfather, who is not happy with Manga working for the Britishers, refuses the proposal. Raja Inderveer Singh asks all the people of village Naku Guda to relocate to some other place as he intends to set up a Distillery there. Sensing an opportunity to impress Lalaji, Manga decides to help the villagers and complains about it to Officer Mark Daniels, unaware of the fact that his officer is in cahoots with Raja Inderveer Singh. An unsuspecting Manga is manipulated by Mark Daniels and Raja Inderveer Singh and ends up helping them deceive the villagers. Now the entire village holds Manga responsible for their difficult situation. Embarrassed at his naivety, Manga resolves to set things right and win back his lost dignity.",4.4,1124,https://www.imdb.com/title/tt7549484/
88,Religion,1047459,2007,Drama,History,NA,Hindi,Pankaj Kapur,Supriya Pathak,Pankaj Tripathi,Mohammed Kasim,Tariq Umar Khan,NA,"The movie is about a Hindu priest Pandit Chaturvedi (Pankaj Kapur) who is one of the most highly respected priests in the entire city of Varanasi. A man who lives for his religion, soaked in years of ancient traditions, values and morals. He is a strict, yet lovable man. As any real priest would, Chaturvedi believes he is a disciple of God on this earth to spread God's message and love as he goes about his rigidly ritualistic world of pooja's and teachings. One day his daughter brings home an infant (Krish Parekh) and the mother of the infant has disappeared and cannot be found nowhere. Pandit Chaturvedi is hesitant to have the child around the house at first, and when it's confirmed that the child has been abandoned, he then makes the decision that the child will be raised in the local orphanage. However the Pandit's wife Parvati (Supriya Pathak Kapur) has by now developed a soft spot for the young child and requests her husband if they can keep and raise the child if as their own. Hesitant at first, the priest reluctantly agrees as his wife lies to him that the baby is the son of a Brahmin. Slowly, the child wins over everyone hearts in the house including Pandit Chaturvedi who finds a son, a disciple and a best friend in the child. The story takes a turn when the baby's mother returns to claim him back, and much to the shock of Pandit Chaturvedi, the lady is a Muslim. The child who they'd fondly named Karthik is in fact Mustafa. Pandit Chaturvedi is in a state of shock and utter despair as he feels he has done the biggest sin of his life and feel as if he has betrayed his religion and more-so God. In a state of recluse and regret, Pandit Chaturvedi decides to take a series of different vows and ""vraths"" to clear his conscience. However whilst his mind is telling him he has done a grave sin, his heart sorely misses his little son, and the words ""babuji"" echo in every corridor of the house. In a series of events, riots break out in the city of Varanasi, Mustafa's mum begs and pleads the Pandit and his family to take back the little boy as he is much safer with them. However the doors of the house are closed for the little boy. What follows next can only be only described as a journey as Pandit Chaturvedi defies what he has believed his entire life if ""religion"" and listens to his inner conscience in the rousing finale.",8.0,1065,https://www.imdb.com/title/tt1047459/
89,Aetbaar,0377340,2004,Action,Drama,Musical,Hindi,Amitabh Bachchan,John Abraham,Bipasha Basu,Riti Sawhney,NA,NA,"After the tragic death of his son - Rohit, in a car accident, Dr. Ranveer Malhotra has been very protective of his daughter Ria. All is well for Ria until one day on a college mishap Ria reaches up with Aryan and both fall in love with each other. Aryan showers Ria with a lot of love and she thought that he is her ideal life partner. Ria invites Aryan to dinner at her home and introduces him to her parents. Her mother immediately approves of him but her father thinks that something is a miss and tells Ria to stop meeting Aryan. But Aryan is madly in love with Ria and refuses to leave her. When Ria disobeys him, her father decides to dig deeper into Aryan's past. Ranveer is desperate as he knows Ria is heading towards something dangerous.",4.6,1039,https://www.imdb.com/title/tt0377340/
90,Sanam Bewafa,0102835,1991,Drama,Romance,NA,Hindi,Salman Khan,Chandni,Kanchan,Prakash Shetty,NA,NA,Although neighbors Fateh Khan and Sher Khan are sworn enemies which brew from generation to generation. When Sher Khan Son Salman and Fateh Khan Daughter Ruksar fall in love both the families give there consent to there children's marriage but on the wedding day Fateh Khan demands huge sums of money as dowry to which Sher Khan agree and the marriage of Salman and Ruksar is celebrated with great pomp and ceremony. The morning after the wedding Ruksar is asked to leave her in law house. After Ruksar return home Fateh Khan swears to kill Sher Khan and thus the conflicts continue between both families even after Ruksar give birth to a baby boy.,5.4,1271,https://www.imdb.com/title/tt0102835/
91,Baton Baton Mein,0157339,1979,Comedy,Romance,NA,Hindi,Amol Palekar,Tina Ambani,Asrani,NA,NA,NA,"Tony and Nancy daily board 9:10 Bandra to Churchgate local.Nancy is accompanied by her uncle Tom who develops friendship with Tony and introduces both of them.Nancy's mother Rosie wants her to get married to a wealthy man.Nancy and Tony start knowing each-other and Tom asks her to introduce him to her mother.Rosie finds Tony only earns 300 a month to that of Nancy',s 700.But she feels happy that after probation Tony will earn 1000 a month.Things are well until misunderstanding takes place between the two.",7.5,1154,https://www.imdb.com/title/tt0157339/
92,Khoon Bhari Maang,0151206,1988,Drama,Thriller,Action,Hindi,Rekha,Kabir Bedi,Sonu Walia,Prakash Shetty,NA,NA,"Nandini and Sanjay Verma are lovers, and they conspire to take over the vaste estate of Mr. Saxena and his only widowed daughter, Aarti, and her two children, with the help of Sanjay's maternal uncle Heeralal, a longtime employee of Saxena. After Saxena passes away suddenly, Sanjay woes Aarti and marries her. On a boating trip both Nandini and Sanjay do away with Aarti, making it look like an accident, and subsequently take over the entire Saxena estate. But Aarti survives, disfigured beyond recognition by a crocodile attack, With the help of plastic surgery transforms herself to a successful model, Jyoti. She then plans to carry out her vengeance against Sanjay, but finds that he has been physically abusing her children, pets, and servants. She must now decide to reveal her identity, or continue with her plan and be a spectator to the abuse on her loved ones.",6.6,1057,https://www.imdb.com/title/tt0151206/
93,Department,2186731,2012,Action,Crime,Thriller,Hindi,Sanjay Dutt,Rana Daggubati,Lakshmi Manchu,Raju Jadhav,Udai Prakash Singh,NA,NA,3.1,1026,https://www.imdb.com/title/tt2186731/
94,Umrao Jaan,0083248,1981,Drama,Musical,Romance,Urdu,Rekha,Farooq Shaikh,Naseeruddin Shah,NA,NA,NA,"In Faizabad, British India, Dilawar is sentenced to several years in prison after Amiran's Daroga dad testifies against him. After his discharge around 1840, he extracts his vengeance by abducting Amiran and selling to a brothel madam. It is here Amiran will be re-named Umrao Jaan. Years later, Umrao has grown up and is an accomplished poetess as well as dancer extraordinary. She has many patrons, chief amongst them are Nawab Sultan and his father. The young Nawab is smitten by Umrao's beauty and her poems, but is finally forced to marry a girl of his mother's choice, leaving behind a heart-broken and devastated Umrao, who seeks solace in the arms of Faiz Ali and finally elopes with him, only to find out that he is a wanted bandit, and is shot down and killed by guards. Umrao re-locates to Kanpur where she establishes herself as a Poet and dancer, but is hunted down by brothel-keepers, Gohar Mirza and Husseini and brought back, where she is told that she must marry Gohar. Watch what Umrao does to escape from being married against her will, and her attempts to try and find her way back to her parents.",7.8,1010,https://www.imdb.com/title/tt0083248/
95,Family of Thakurganj,8897986,2019,Action,Drama,NA,Hindi,Jimmy Sheirgill,Mahie Gill,Nandish Singh,NA,NA,NA,NA,8.3,1615,https://www.imdb.com/title/tt8897986/
96,Suhaag,0079963,1979,Action,Drama,Musical,Hindi,Shashi Kapoor,Amitabh Bachchan,Rekha,Madhu Kamble,Murli,Ratnakar Phadke,"Vikram has prospered in a life of crime and lives a hedonistic, self-indulgent lifestyle. When Durga, his wife gives birth to twins, he not only repudiates the children but discards his wife in a public way. One of the twins is stolen by Vikram's arch rival and is brought up by a petty purveyor of bootleg liquor. Kishan, the other twin is raised by Durga to become a responsible law enforcer. A clash of the twins is inevitable since Amit lives a life of petty crime. The plot thickens when the twins fall in love with sisters. One of the sisters is a tawaif - a danseuse who entertains men. Suhag, is a fast paced action story where the underworld, the law enforcers, justice and society come together in a compelling story of intrigue, deceit, loyalty and integrity. Social values of the time - love and sacrifice for a sibling, parent, friend is thematically blended into the story. Will the separated twins meet? How will Vikram Singh react when he finds himself on opposite sides of the law from his twin sons? Will Durga honour her suhag (sacred covenant of marriage) after all these years?",6.7,1089,https://www.imdb.com/title/tt0079963/
97,C Kkompany,1170399,2008,Comedy,Drama,Thriller,Hindi,Tusshar Kapoor,Anupam Kher,Rajpal Yadav,NA,NA,NA,"Ramakant Joshi, Lambodar Jha and Akshay Kumar are residents in the 'C' block of a Mumbai Apartment complex with monetary issues. They decide to create a fake organization 'C Company' in order to extort 1 Crore Rupees from Ramakant's son, Purshottam. While Ramakant hopes to recover the costs involved in his ungrateful son's upbringing; vertically-challenged Lambodar, who is the same height as his school-going son, hopes to boost his career; while Akshay hopes to elope with a gangster's daughter, Priya, to Dubai. Things hilariously get out of hand after the trio decide to assist other beleaguered Indians - putting themselves in the bad books of the Government; the Police, including 'encounter specialist' Inspector Jawle; as well as the underworld led by a Balaji TV-serial addict, Dattubhai.",5.4,1063,https://www.imdb.com/title/tt1170399/
98,Blood Money,2246595,2012,Action,Crime,Drama,Hindi,Manish Chaudhary,Kunal Khemu,Amrita Puri,NA,NA,NA,"The film is about a young and simple man, Kunal played by Kunal Khemu who is in love with Arzoo played by Amrita Puri, however her parents do not allow her to marry him, as he is unsuccessful. Runing away to get married. Kunal shifts to Cape Town and starts to work in a small business of diamond-exporting. Kunal slowly is dragged into the under hand dealing of the diamond trading company.",5.0,1507,https://www.imdb.com/title/tt2246595/
